x,y
80,4
82,4
83,4
84,4
85,4
86,4
87,4
88,4
89,4
90,4
91,4
92,4
95,4
96,4
99,4
100,4
101,4
102,4
103,4
104,4
105,4
106,4
107,4
108,4
109,4
110,4
111,4
112,4
113,4
114,4
73,5
74,5
75,5
77,5
78,5
79,5
80,5
81,5
82,5
83,5
84,5
85,5
86,5
87,5
88,5
89,5
90,5
91,5
92,5
93,5
94,5
95,5
96,5
97,5
98,5
99,5
100,5
101,5
102,5
103,5
104,5
105,5
106,5
107,5
108,5
109,5
110,5
111,5
112,5
113,5
114,5
115,5
116,5
117,5
154,5
160,5
161,5
162,5
179,5
180,5
66,6
72,6
73,6
74,6
75,6
76,6
77,6
78,6
79,6
80,6
81,6
83,6
88,6
89,6
90,6
91,6
92,6
93,6
94,6
95,6
96,6
97,6
98,6
99,6
100,6
101,6
102,6
103,6
104,6
105,6
106,6
107,6
108,6
109,6
110,6
111,6
112,6
113,6
114,6
133,6
134,6
135,6
136,6
137,6
138,6
139,6
140,6
180,6
181,6
182,6
183,6
185,6
59,7
60,7
67,7
69,7
70,7
74,7
75,7
76,7
77,7
78,7
79,7
80,7
81,7
84,7
85,7
86,7
87,7
88,7
89,7
90,7
91,7
92,7
93,7
94,7
95,7
96,7
97,7
98,7
99,7
100,7
101,7
102,7
103,7
104,7
105,7
106,7
107,7
108,7
109,7
110,7
111,7
112,7
113,7
135,7
136,7
137,7
139,7
185,7
53,8
54,8
55,8
56,8
60,8
63,8
66,8
68,8
69,8
70,8
72,8
73,8
74,8
75,8
76,8
77,8
78,8
79,8
84,8
85,8
86,8
87,8
88,8
89,8
90,8
91,8
92,8
93,8
94,8
95,8
96,8
97,8
98,8
99,8
100,8
101,8
102,8
103,8
104,8
105,8
106,8
107,8
108,8
109,8
110,8
111,8
112,8
115,8
136,8
166,8
167,8
187,8
188,8
189,8
190,8
191,8
192,8
193,8
53,9
54,9
55,9
56,9
57,9
58,9
59,9
60,9
61,9
62,9
65,9
66,9
67,9
68,9
69,9
70,9
71,9
72,9
73,9
74,9
75,9
76,9
90,9
91,9
92,9
93,9
94,9
95,9
96,9
97,9
98,9
99,9
100,9
101,9
102,9
103,9
104,9
105,9
106,9
107,9
108,9
109,9
110,9
111,9
112,9
113,9
161,9
162,9
163,9
164,9
180,9
181,9
182,9
183,9
184,9
185,9
186,9
187,9
188,9
189,9
190,9
191,9
192,9
193,9
194,9
195,9
210,9
211,9
212,9
213,9
214,9
216,9
48,10
49,10
50,10
51,10
52,10
67,10
91,10
92,10
93,10
94,10
95,10
96,10
97,10
98,10
99,10
100,10
101,10
102,10
103,10
104,10
105,10
106,10
107,10
108,10
109,10
110,10
111,10
112,10
113,10
160,10
161,10
162,10
180,10
181,10
182,10
183,10
184,10
185,10
186,10
187,10
188,10
189,10
190,10
191,10
192,10
193,10
194,10
195,10
196,10
213,10
46,11
47,11
48,11
49,11
50,11
51,11
52,11
53,11
54,11
57,11
58,11
59,11
61,11
62,11
63,11
65,11
66,11
67,11
69,11
70,11
71,11
72,11
73,11
74,11
75,11
76,11
77,11
91,11
92,11
93,11
94,11
95,11
96,11
97,11
98,11
99,11
100,11
101,11
102,11
103,11
104,11
105,11
106,11
107,11
108,11
109,11
111,11
160,11
161,11
170,11
171,11
176,11
177,11
178,11
179,11
180,11
181,11
182,11
183,11
184,11
185,11
186,11
187,11
188,11
189,11
190,11
191,11
192,11
193,11
194,11
195,11
196,11
197,11
198,11
199,11
200,11
201,11
202,11
203,11
204,11
205,11
206,11
207,11
45,12
46,12
47,12
48,12
49,12
50,12
51,12
52,12
53,12
54,12
55,12
56,12
57,12
58,12
61,12
62,12
63,12
64,12
68,12
69,12
70,12
71,12
72,12
73,12
74,12
75,12
76,12
77,12
90,12
91,12
92,12
93,12
94,12
95,12
96,12
97,12
98,12
99,12
100,12
101,12
102,12
103,12
104,12
105,12
106,12
107,12
108,12
109,12
110,12
159,12
160,12
161,12
170,12
171,12
172,12
173,12
174,12
175,12
176,12
177,12
178,12
179,12
180,12
181,12
182,12
183,12
184,12
185,12
186,12
187,12
188,12
189,12
190,12
191,12
192,12
193,12
194,12
195,12
196,12
197,12
198,12
199,12
200,12
201,12
202,12
203,12
204,12
205,12
206,12
207,12
208,12
211,12
215,12
216,12
217,12
218,12
219,12
220,12
221,12
21,13
22,13
23,13
24,13
25,13
49,13
50,13
51,13
52,13
53,13
54,13
55,13
56,13
57,13
58,13
63,13
64,13
65,13
67,13
68,13
69,13
70,13
71,13
72,13
73,13
74,13
75,13
76,13
77,13
78,13
79,13
80,13
90,13
91,13
93,13
94,13
95,13
96,13
97,13
98,13
99,13
100,13
101,13
102,13
103,13
104,13
105,13
106,13
107,13
108,13
110,13
111,13
141,13
142,13
143,13
144,13
145,13
161,13
162,13
169,13
170,13
171,13
172,13
174,13
175,13
176,13
177,13
178,13
179,13
180,13
181,13
182,13
183,13
184,13
185,13
186,13
187,13
188,13
189,13
190,13
191,13
192,13
193,13
194,13
195,13
196,13
197,13
198,13
199,13
200,13
201,13
202,13
203,13
204,13
205,13
206,13
207,13
208,13
209,13
210,13
211,13
212,13
213,13
214,13
215,13
216,13
217,13
218,13
219,13
220,13
221,13
222,13
223,13
224,13
225,13
226,13
227,13
228,13
229,13
230,13
17,14
18,14
19,14
20,14
21,14
22,14
23,14
24,14
25,14
26,14
27,14
28,14
29,14
30,14
31,14
32,14
33,14
36,14
37,14
38,14
39,14
40,14
41,14
42,14
43,14
44,14
45,14
48,14
49,14
50,14
51,14
52,14
53,14
54,14
55,14
56,14
57,14
60,14
61,14
63,14
64,14
65,14
69,14
70,14
72,14
74,14
75,14
76,14
77,14
78,14
79,14
80,14
90,14
92,14
93,14
94,14
95,14
96,14
97,14
98,14
99,14
100,14
101,14
102,14
103,14
104,14
105,14
106,14
107,14
108,14
109,14
137,14
138,14
139,14
140,14
141,14
142,14
143,14
144,14
145,14
146,14
147,14
158,14
166,14
167,14
168,14
170,14
171,14
172,14
173,14
174,14
175,14
176,14
177,14
178,14
179,14
180,14
181,14
182,14
183,14
184,14
185,14
186,14
187,14
188,14
189,14
190,14
191,14
192,14
193,14
194,14
195,14
196,14
197,14
198,14
199,14
200,14
201,14
202,14
203,14
204,14
205,14
206,14
207,14
208,14
209,14
210,14
211,14
212,14
213,14
214,14
215,14
216,14
217,14
218,14
219,14
220,14
221,14
222,14
223,14
224,14
225,14
226,14
227,14
228,14
229,14
230,14
231,14
232,14
233,14
234,14
235,14
236,14
237,14
238,14
239,14
240,14
241,14
242,14
243,14
14,15
15,15
16,15
17,15
18,15
19,15
20,15
21,15
22,15
23,15
24,15
25,15
26,15
27,15
28,15
29,15
30,15
31,15
32,15
33,15
34,15
35,15
36,15
37,15
38,15
39,15
40,15
41,15
42,15
43,15
44,15
45,15
46,15
47,15
48,15
53,15
54,15
59,15
60,15
62,15
63,15
64,15
65,15
66,15
68,15
69,15
74,15
75,15
76,15
77,15
78,15
79,15
80,15
90,15
91,15
92,15
93,15
94,15
95,15
96,15
97,15
98,15
99,15
100,15
101,15
102,15
103,15
104,15
105,15
106,15
137,15
138,15
139,15
140,15
141,15
142,15
143,15
144,15
145,15
146,15
147,15
148,15
149,15
150,15
151,15
155,15
156,15
159,15
160,15
161,15
162,15
163,15
164,15
165,15
166,15
167,15
168,15
169,15
170,15
171,15
172,15
173,15
174,15
175,15
176,15
177,15
178,15
179,15
180,15
181,15
182,15
183,15
184,15
185,15
186,15
187,15
188,15
189,15
190,15
191,15
192,15
193,15
194,15
195,15
196,15
197,15
198,15
199,15
200,15
201,15
202,15
203,15
204,15
205,15
206,15
207,15
208,15
209,15
210,15
211,15
212,15
213,15
214,15
215,15
216,15
217,15
218,15
219,15
220,15
221,15
222,15
223,15
224,15
225,15
226,15
227,15
228,15
229,15
230,15
231,15
232,15
233,15
234,15
235,15
236,15
237,15
238,15
239,15
240,15
241,15
242,15
243,15
244,15
245,15
246,15
247,15
14,16
15,16
16,16
17,16
18,16
19,16
20,16
21,16
22,16
23,16
24,16
25,16
26,16
27,16
28,16
29,16
30,16
31,16
32,16
33,16
34,16
35,16
36,16
37,16
38,16
39,16
40,16
41,16
42,16
43,16
44,16
45,16
46,16
47,16
48,16
49,16
50,16
51,16
52,16
53,16
54,16
55,16
56,16
57,16
58,16
59,16
60,16
61,16
62,16
63,16
64,16
65,16
66,16
67,16
68,16
69,16
73,16
76,16
77,16
78,16
79,16
80,16
81,16
89,16
90,16
91,16
92,16
93,16
94,16
95,16
96,16
97,16
98,16
99,16
100,16
101,16
102,16
135,16
136,16
137,16
138,16
139,16
140,16
141,16
142,16
143,16
144,16
145,16
146,16
147,16
148,16
149,16
150,16
151,16
152,16
153,16
155,16
156,16
158,16
159,16
160,16
161,16
162,16
163,16
164,16
165,16
166,16
167,16
168,16
169,16
170,16
171,16
172,16
173,16
174,16
176,16
177,16
178,16
179,16
180,16
181,16
182,16
183,16
184,16
185,16
186,16
187,16
188,16
189,16
190,16
191,16
192,16
193,16
194,16
195,16
196,16
197,16
198,16
199,16
200,16
201,16
202,16
203,16
204,16
205,16
206,16
207,16
208,16
209,16
210,16
211,16
212,16
213,16
214,16
215,16
216,16
217,16
218,16
219,16
220,16
221,16
222,16
223,16
224,16
225,16
226,16
227,16
228,16
229,16
230,16
231,16
232,16
233,16
234,16
235,16
236,16
237,16
238,16
239,16
240,16
241,16
242,16
243,16
244,16
245,16
246,16
247,16
248,16
249,16
250,16
251,16
10,17
11,17
12,17
13,17
14,17
15,17
16,17
17,17
18,17
19,17
20,17
21,17
22,17
23,17
24,17
25,17
26,17
27,17
28,17
29,17
30,17
31,17
32,17
33,17
34,17
35,17
36,17
37,17
38,17
39,17
40,17
41,17
44,17
45,17
46,17
47,17
48,17
49,17
50,17
51,17
52,17
53,17
54,17
55,17
56,17
57,17
58,17
59,17
60,17
61,17
62,17
63,17
64,17
65,17
67,17
74,17
75,17
76,17
77,17
78,17
80,17
81,17
89,17
90,17
91,17
92,17
93,17
94,17
95,17
96,17
97,17
98,17
99,17
100,17
109,17
110,17
111,17
112,17
113,17
114,17
134,17
135,17
136,17
137,17
138,17
139,17
140,17
141,17
142,17
143,17
144,17
145,17
146,17
147,17
148,17
151,17
152,17
153,17
154,17
155,17
156,17
157,17
158,17
159,17
160,17
161,17
162,17
163,17
164,17
165,17
166,17
167,17
168,17
169,17
170,17
171,17
172,17
173,17
174,17
175,17
176,17
177,17
178,17
179,17
180,17
181,17
182,17
183,17
184,17
185,17
186,17
187,17
188,17
189,17
190,17
191,17
192,17
193,17
194,17
195,17
196,17
197,17
198,17
199,17
200,17
201,17
202,17
203,17
204,17
205,17
206,17
207,17
208,17
209,17
210,17
211,17
212,17
213,17
214,17
215,17
216,17
217,17
218,17
219,17
220,17
221,17
222,17
223,17
224,17
225,17
226,17
227,17
228,17
229,17
230,17
231,17
232,17
233,17
234,17
235,17
236,17
237,17
238,17
239,17
240,17
241,17
242,17
243,17
244,17
245,17
246,17
247,17
248,17
249,17
250,17
251,17
252,17
253,17
254,17
255,17
9,18
10,18
11,18
12,18
13,18
14,18
15,18
16,18
17,18
18,18
19,18
20,18
21,18
22,18
23,18
24,18
25,18
26,18
27,18
28,18
29,18
30,18
31,18
32,18
33,18
34,18
35,18
36,18
37,18
38,18
39,18
40,18
41,18
42,18
43,18
44,18
45,18
46,18
47,18
48,18
49,18
50,18
51,18
52,18
53,18
54,18
55,18
56,18
57,18
58,18
59,18
60,18
61,18
62,18
63,18
64,18
65,18
66,18
67,18
71,18
72,18
73,18
74,18
75,18
76,18
77,18
78,18
89,18
90,18
91,18
92,18
93,18
94,18
95,18
96,18
97,18
109,18
110,18
111,18
112,18
113,18
114,18
115,18
134,18
135,18
136,18
137,18
138,18
139,18
143,18
144,18
145,18
146,18
147,18
148,18
149,18
151,18
153,18
154,18
155,18
156,18
157,18
158,18
159,18
160,18
161,18
162,18
163,18
164,18
165,18
166,18
167,18
168,18
169,18
170,18
171,18
172,18
173,18
174,18
175,18
176,18
177,18
178,18
179,18
180,18
181,18
182,18
183,18
184,18
185,18
186,18
187,18
188,18
189,18
190,18
191,18
192,18
193,18
194,18
195,18
196,18
197,18
198,18
199,18
200,18
201,18
202,18
203,18
204,18
205,18
206,18
207,18
208,18
209,18
210,18
211,18
212,18
213,18
214,18
215,18
216,18
217,18
218,18
219,18
220,18
221,18
222,18
223,18
224,18
225,18
226,18
227,18
228,18
229,18
230,18
231,18
232,18
233,18
234,18
235,18
236,18
237,18
238,18
239,18
240,18
241,18
242,18
243,18
244,18
245,18
246,18
247,18
248,18
249,18
250,18
253,18
254,18
255,18
12,19
13,19
14,19
15,19
16,19
17,19
18,19
19,19
20,19
21,19
22,19
23,19
24,19
25,19
26,19
27,19
28,19
29,19
30,19
31,19
32,19
33,19
34,19
35,19
36,19
37,19
38,19
39,19
40,19
41,19
42,19
43,19
44,19
45,19
46,19
47,19
48,19
49,19
50,19
51,19
52,19
53,19
54,19
55,19
56,19
57,19
58,19
59,19
60,19
61,19
62,19
64,19
65,19
66,19
67,19
68,19
74,19
75,19
76,19
77,19
78,19
79,19
89,19
90,19
91,19
92,19
93,19
94,19
95,19
96,19
110,19
111,19
112,19
113,19
132,19
133,19
134,19
135,19
136,19
137,19
138,19
139,19
141,19
142,19
143,19
144,19
145,19
146,19
147,19
148,19
149,19
150,19
151,19
152,19
153,19
154,19
155,19
156,19
157,19
158,19
159,19
160,19
161,19
162,19
163,19
164,19
165,19
166,19
167,19
168,19
169,19
170,19
171,19
172,19
173,19
174,19
175,19
176,19
177,19
178,19
179,19
180,19
181,19
182,19
183,19
184,19
185,19
186,19
187,19
188,19
189,19
190,19
191,19
192,19
193,19
194,19
195,19
196,19
197,19
198,19
199,19
200,19
201,19
202,19
203,19
204,19
205,19
206,19
207,19
208,19
209,19
210,19
211,19
212,19
213,19
214,19
215,19
216,19
217,19
218,19
219,19
220,19
221,19
222,19
223,19
224,19
225,19
226,19
227,19
228,19
229,19
230,19
231,19
232,19
233,19
234,19
235,19
236,19
237,19
238,19
239,19
240,19
241,19
242,19
243,19
244,19
245,19
246,19
247,19
248,19
249,19
250,19
8,20
9,20
10,20
11,20
12,20
13,20
14,20
15,20
16,20
17,20
18,20
19,20
20,20
21,20
22,20
23,20
24,20
25,20
26,20
27,20
28,20
29,20
30,20
31,20
32,20
33,20
34,20
35,20
36,20
37,20
38,20
39,20
40,20
41,20
42,20
43,20
44,20
45,20
46,20
47,20
48,20
49,20
50,20
51,20
52,20
53,20
54,20
55,20
56,20
57,20
58,20
59,20
60,20
65,20
66,20
75,20
76,20
78,20
89,20
90,20
91,20
92,20
93,20
94,20
131,20
132,20
133,20
134,20
135,20
136,20
137,20
140,20
141,20
142,20
143,20
144,20
145,20
146,20
147,20
148,20
149,20
150,20
151,20
152,20
153,20
154,20
155,20
156,20
157,20
158,20
159,20
160,20
161,20
162,20
163,20
164,20
165,20
166,20
167,20
168,20
169,20
170,20
171,20
172,20
173,20
174,20
175,20
176,20
177,20
178,20
179,20
180,20
181,20
182,20
183,20
184,20
185,20
186,20
187,20
188,20
189,20
190,20
191,20
192,20
193,20
194,20
195,20
196,20
197,20
198,20
199,20
200,20
201,20
202,20
203,20
204,20
205,20
206,20
207,20
208,20
209,20
210,20
211,20
212,20
213,20
214,20
215,20
216,20
217,20
218,20
219,20
220,20
221,20
222,20
223,20
224,20
225,20
226,20
227,20
228,20
229,20
230,20
231,20
232,20
233,20
234,20
235,20
236,20
237,20
238,20
239,20
240,20
241,20
242,20
243,20
244,20
245,20
246,20
247,20
248,20
249,20
250,20
251,20
252,20
5,21
6,21
7,21
8,21
9,21
10,21
11,21
12,21
13,21
14,21
15,21
16,21
17,21
18,21
19,21
20,21
21,21
22,21
23,21
24,21
25,21
26,21
27,21
28,21
29,21
30,21
31,21
32,21
33,21
34,21
35,21
36,21
37,21
38,21
39,21
40,21
41,21
42,21
44,21
45,21
46,21
47,21
48,21
49,21
50,21
51,21
52,21
53,21
54,21
55,21
56,21
57,21
67,21
69,21
70,21
71,21
72,21
78,21
90,21
91,21
92,21
93,21
94,21
129,21
130,21
131,21
132,21
133,21
134,21
135,21
136,21
137,21
140,21
141,21
142,21
143,21
144,21
145,21
146,21
147,21
148,21
149,21
151,21
152,21
153,21
154,21
155,21
156,21
157,21
158,21
159,21
160,21
161,21
162,21
163,21
164,21
165,21
166,21
167,21
168,21
169,21
170,21
171,21
172,21
173,21
174,21
175,21
176,21
177,21
178,21
179,21
180,21
181,21
182,21
183,21
184,21
185,21
186,21
187,21
188,21
189,21
190,21
191,21
192,21
193,21
194,21
195,21
196,21
197,21
198,21
199,21
200,21
201,21
202,21
203,21
204,21
205,21
206,21
207,21
208,21
209,21
210,21
211,21
212,21
213,21
214,21
215,21
216,21
217,21
218,21
219,21
220,21
221,21
222,21
223,21
224,21
225,21
226,21
227,21
228,21
229,21
230,21
231,21
232,21
233,21
234,21
235,21
236,21
237,21
238,21
239,21
240,21
241,21
243,21
244,21
245,21
246,21
247,21
248,21
249,21
250,21
5,22
6,22
7,22
8,22
9,22
10,22
11,22
12,22
13,22
14,22
15,22
16,22
19,22
20,22
21,22
22,22
23,22
24,22
25,22
26,22
27,22
28,22
29,22
30,22
31,22
32,22
33,22
34,22
35,22
36,22
37,22
38,22
39,22
40,22
41,22
42,22
43,22
44,22
45,22
46,22
47,22
48,22
49,22
50,22
51,22
52,22
53,22
54,22
55,22
56,22
68,22
69,22
70,22
71,22
72,22
73,22
74,22
92,22
93,22
129,22
130,22
131,22
132,22
133,22
134,22
135,22
136,22
137,22
140,22
141,22
142,22
143,22
144,22
145,22
146,22
147,22
149,22
150,22
151,22
152,22
153,22
154,22
155,22
156,22
157,22
158,22
159,22
160,22
161,22
162,22
163,22
164,22
165,22
166,22
167,22
168,22
169,22
170,22
171,22
172,22
173,22
174,22
175,22
176,22
177,22
178,22
179,22
180,22
181,22
182,22
183,22
184,22
185,22
186,22
187,22
188,22
189,22
190,22
191,22
192,22
193,22
194,22
195,22
196,22
197,22
198,22
199,22
200,22
201,22
202,22
203,22
204,22
205,22
206,22
207,22
208,22
209,22
210,22
211,22
212,22
213,22
214,22
215,22
216,22
217,22
218,22
219,22
220,22
221,22
222,22
223,22
224,22
225,22
226,22
227,22
228,22
229,22
230,22
231,22
232,22
233,22
234,22
235,22
236,22
237,22
241,22
243,22
244,22
245,22
246,22
247,22
248,22
249,22
6,23
7,23
8,23
9,23
10,23
11,23
12,23
13,23
14,23
22,23
23,23
24,23
25,23
26,23
27,23
28,23
29,23
30,23
31,23
32,23
33,23
34,23
35,23
36,23
37,23
38,23
39,23
40,23
41,23
42,23
43,23
44,23
45,23
46,23
47,23
48,23
49,23
50,23
51,23
52,23
53,23
54,23
55,23
68,23
69,23
70,23
71,23
72,23
73,23
77,23
129,23
130,23
131,23
132,23
133,23
134,23
135,23
136,23
137,23
138,23
143,23
144,23
145,23
146,23
147,23
148,23
149,23
150,23
151,23
152,23
153,23
154,23
155,23
156,23
157,23
158,23
159,23
160,23
161,23
162,23
163,23
164,23
165,23
166,23
167,23
168,23
169,23
170,23
171,23
172,23
173,23
174,23
175,23
176,23
177,23
178,23
179,23
180,23
181,23
182,23
183,23
184,23
185,23
186,23
187,23
188,23
189,23
190,23
191,23
192,23
193,23
194,23
195,23
196,23
197,23
198,23
199,23
200,23
201,23
202,23
203,23
204,23
205,23
206,23
207,23
208,23
209,23
210,23
211,23
212,23
213,23
214,23
215,23
216,23
217,23
218,23
219,23
220,23
221,23
222,23
223,23
224,23
225,23
226,23
227,23
228,23
229,23
230,23
231,23
232,23
233,23
234,23
235,23
236,23
237,23
238,23
243,23
244,23
5,24
8,24
9,24
10,24
23,24
24,24
25,24
26,24
27,24
28,24
29,24
30,24
31,24
32,24
33,24
34,24
35,24
36,24
37,24
38,24
39,24
40,24
41,24
42,24
43,24
44,24
45,24
46,24
47,24
48,24
49,24
50,24
51,24
52,24
53,24
54,24
55,24
67,24
68,24
69,24
70,24
71,24
72,24
73,24
75,24
76,24
77,24
121,24
122,24
129,24
130,24
131,24
133,24
134,24
135,24
136,24
137,24
141,24
142,24
143,24
144,24
145,24
146,24
147,24
148,24
149,24
150,24
151,24
152,24
153,24
154,24
155,24
156,24
157,24
158,24
159,24
160,24
161,24
162,24
163,24
164,24
165,24
166,24
167,24
168,24
169,24
170,24
171,24
172,24
173,24
174,24
175,24
176,24
177,24
178,24
179,24
180,24
181,24
182,24
183,24
184,24
185,24
186,24
187,24
188,24
189,24
190,24
191,24
192,24
193,24
194,24
195,24
196,24
197,24
198,24
199,24
200,24
201,24
202,24
203,24
204,24
205,24
206,24
207,24
208,24
209,24
210,24
211,24
212,24
213,24
214,24
215,24
216,24
217,24
218,24
219,24
220,24
221,24
222,24
223,24
224,24
225,24
226,24
227,24
228,24
229,24
243,24
244,24
6,25
7,25
9,25
10,25
23,25
24,25
25,25
26,25
27,25
28,25
29,25
30,25
31,25
32,25
33,25
34,25
35,25
36,25
37,25
38,25
39,25
40,25
41,25
42,25
43,25
44,25
45,25
46,25
47,25
48,25
49,25
50,25
51,25
52,25
53,25
54,25
55,25
67,25
68,25
69,25
70,25
71,25
72,25
73,25
74,25
75,25
76,25
77,25
78,25
120,25
121,25
122,25
123,25
132,25
134,25
135,25
136,25
138,25
141,25
143,25
144,25
145,25
146,25
147,25
148,25
149,25
150,25
151,25
152,25
153,25
154,25
155,25
156,25
157,25
158,25
159,25
160,25
161,25
162,25
163,25
164,25
165,25
166,25
167,25
168,25
169,25
170,25
171,25
172,25
173,25
174,25
175,25
176,25
177,25
178,25
179,25
180,25
181,25
182,25
183,25
184,25
185,25
186,25
187,25
188,25
189,25
190,25
191,25
192,25
193,25
194,25
195,25
196,25
197,25
198,25
199,25
200,25
201,25
202,25
203,25
204,25
205,25
206,25
207,25
208,25
209,25
210,25
211,25
212,25
213,25
214,25
215,25
216,25
217,25
218,25
219,25
220,25
221,25
222,25
223,25
224,25
225,25
226,25
227,25
228,25
229,25
242,25
243,25
244,25
245,25
246,25
4,26
5,26
23,26
25,26
26,26
27,26
28,26
29,26
30,26
31,26
32,26
33,26
34,26
35,26
36,26
37,26
38,26
39,26
40,26
41,26
42,26
43,26
44,26
45,26
46,26
47,26
48,26
49,26
50,26
51,26
52,26
53,26
54,26
55,26
56,26
57,26
67,26
68,26
69,26
70,26
71,26
72,26
73,26
74,26
75,26
76,26
77,26
120,26
121,26
122,26
131,26
132,26
134,26
135,26
136,26
141,26
142,26
143,26
144,26
145,26
146,26
147,26
148,26
149,26
150,26
151,26
152,26
153,26
154,26
155,26
156,26
157,26
158,26
159,26
160,26
161,26
162,26
163,26
164,26
165,26
166,26
167,26
168,26
169,26
170,26
171,26
172,26
173,26
174,26
175,26
176,26
177,26
178,26
179,26
180,26
181,26
182,26
183,26
184,26
185,26
186,26
187,26
188,26
189,26
190,26
191,26
192,26
193,26
194,26
195,26
196,26
197,26
198,26
199,26
200,26
201,26
202,26
203,26
204,26
205,26
206,26
207,26
208,26
209,26
210,26
211,26
212,26
213,26
214,26
215,26
216,26
217,26
218,26
219,26
220,26
221,26
222,26
223,26
224,26
225,26
226,26
227,26
228,26
242,26
243,26
244,26
245,26
246,26
247,26
2,27
23,27
24,27
25,27
26,27
27,27
28,27
29,27
30,27
31,27
32,27
33,27
34,27
35,27
36,27
37,27
38,27
39,27
40,27
41,27
42,27
43,27
44,27
45,27
46,27
47,27
48,27
49,27
50,27
51,27
52,27
53,27
54,27
55,27
56,27
57,27
58,27
59,27
65,27
66,27
67,27
68,27
69,27
70,27
71,27
72,27
73,27
74,27
75,27
76,27
77,27
78,27
121,27
122,27
123,27
131,27
132,27
133,27
134,27
135,27
141,27
142,27
143,27
144,27
145,27
146,27
147,27
148,27
149,27
150,27
151,27
152,27
153,27
154,27
155,27
156,27
157,27
158,27
159,27
160,27
161,27
162,27
163,27
164,27
165,27
166,27
167,27
168,27
169,27
170,27
171,27
172,27
173,27
174,27
175,27
176,27
177,27
178,27
179,27
180,27
181,27
182,27
183,27
184,27
185,27
186,27
187,27
188,27
189,27
190,27
191,27
192,27
193,27
194,27
195,27
196,27
197,27
198,27
199,27
200,27
201,27
202,27
203,27
204,27
205,27
206,27
207,27
208,27
209,27
210,27
211,27
212,27
213,27
214,27
215,27
216,27
217,27
218,27
219,27
220,27
221,27
222,27
223,27
224,27
225,27
226,27
227,27
228,27
243,27
244,27
245,27
246,27
247,27
24,28
25,28
26,28
27,28
28,28
29,28
30,28
31,28
32,28
33,28
34,28
35,28
36,28
37,28
38,28
39,28
40,28
41,28
42,28
43,28
44,28
45,28
46,28
47,28
48,28
49,28
50,28
51,28
52,28
53,28
54,28
55,28
56,28
57,28
58,28
59,28
60,28
61,28
63,28
64,28
65,28
66,28
67,28
68,28
69,28
70,28
71,28
72,28
73,28
74,28
75,28
76,28
77,28
78,28
79,28
80,28
118,28
119,28
122,28
123,28
131,28
132,28
134,28
137,28
138,28
140,28
141,28
142,28
143,28
144,28
145,28
146,28
147,28
148,28
149,28
150,28
151,28
152,28
153,28
154,28
155,28
156,28
157,28
158,28
159,28
160,28
161,28
162,28
163,28
164,28
165,28
166,28
167,28
168,28
169,28
170,28
171,28
172,28
173,28
174,28
175,28
176,28
177,28
178,28
179,28
180,28
181,28
182,28
183,28
184,28
185,28
186,28
187,28
188,28
189,28
190,28
191,28
192,28
193,28
194,28
195,28
196,28
197,28
198,28
199,28
200,28
201,28
202,28
203,28
204,28
205,28
206,28
207,28
209,28
210,28
211,28
212,28
213,28
214,28
215,28
216,28
217,28
218,28
219,28
220,28
221,28
222,28
223,28
224,28
225,28
226,28
227,28
228,28
229,28
234,28
244,28
245,28
246,28
247,28
248,28
22,29
23,29
24,29
25,29
26,29
27,29
28,29
29,29
30,29
31,29
32,29
33,29
34,29
35,29
36,29
37,29
38,29
39,29
40,29
41,29
42,29
43,29
44,29
45,29
46,29
47,29
49,29
50,29
51,29
52,29
53,29
54,29
55,29
56,29
57,29
58,29
59,29
60,29
63,29
64,29
65,29
66,29
67,29
68,29
69,29
70,29
71,29
72,29
73,29
74,29
75,29
76,29
77,29
78,29
79,29
80,29
117,29
118,29
119,29
122,29
123,29
124,29
129,29
130,29
131,29
132,29
133,29
134,29
135,29
136,29
137,29
138,29
139,29
140,29
141,29
142,29
143,29
144,29
145,29
146,29
147,29
148,29
149,29
150,29
151,29
152,29
153,29
154,29
155,29
156,29
157,29
158,29
159,29
160,29
161,29
162,29
163,29
164,29
165,29
166,29
167,29
168,29
169,29
170,29
171,29
172,29
173,29
174,29
175,29
176,29
177,29
178,29
179,29
180,29
181,29
182,29
183,29
184,29
185,29
186,29
187,29
188,29
189,29
190,29
191,29
192,29
193,29
194,29
195,29
196,29
197,29
198,29
199,29
200,29
201,29
202,29
203,29
204,29
205,29
206,29
207,29
209,29
210,29
211,29
212,29
213,29
214,29
215,29
216,29
217,29
218,29
219,29
220,29
221,29
222,29
223,29
224,29
225,29
226,29
227,29
228,29
229,29
230,29
231,29
232,29
233,29
234,29
235,29
245,29
246,29
247,29
248,29
25,30
26,30
27,30
28,30
29,30
30,30
31,30
32,30
33,30
34,30
35,30
36,30
37,30
38,30
39,30
40,30
41,30
42,30
43,30
44,30
45,30
46,30
47,30
48,30
49,30
50,30
51,30
52,30
53,30
54,30
55,30
56,30
57,30
58,30
59,30
60,30
63,30
64,30
65,30
66,30
67,30
68,30
69,30
70,30
71,30
72,30
73,30
74,30
75,30
76,30
77,30
78,30
79,30
80,30
117,30
118,30
119,30
121,30
122,30
123,30
124,30
125,30
128,30
129,30
130,30
131,30
132,30
133,30
134,30
135,30
136,30
137,30
138,30
139,30
140,30
141,30
142,30
143,30
144,30
145,30
146,30
147,30
148,30
149,30
150,30
151,30
152,30
153,30
154,30
155,30
156,30
157,30
158,30
159,30
160,30
161,30
162,30
163,30
164,30
165,30
166,30
167,30
168,30
169,30
170,30
171,30
172,30
173,30
174,30
175,30
176,30
177,30
178,30
179,30
180,30
181,30
182,30
183,30
184,30
185,30
186,30
187,30
188,30
189,30
190,30
191,30
192,30
193,30
194,30
195,30
196,30
197,30
198,30
199,30
200,30
201,30
202,30
203,30
204,30
205,30
206,30
208,30
209,30
210,30
211,30
212,30
213,30
214,30
215,30
216,30
217,30
218,30
219,30
220,30
221,30
222,30
223,30
224,30
225,30
226,30
227,30
228,30
229,30
230,30
231,30
232,30
233,30
234,30
235,30
246,30
247,30
24,31
25,31
26,31
27,31
28,31
29,31
30,31
31,31
32,31
33,31
34,31
35,31
36,31
37,31
38,31
39,31
40,31
41,31
42,31
43,31
44,31
45,31
46,31
47,31
48,31
49,31
50,31
51,31
52,31
53,31
54,31
55,31
56,31
57,31
58,31
59,31
60,31
62,31
63,31
64,31
65,31
66,31
67,31
68,31
69,31
70,31
71,31
72,31
73,31
74,31
75,31
76,31
77,31
78,31
79,31
80,31
117,31
121,31
122,31
123,31
124,31
128,31
129,31
130,31
131,31
132,31
133,31
134,31
135,31
136,31
137,31
138,31
139,31
140,31
141,31
142,31
143,31
144,31
145,31
146,31
147,31
148,31
149,31
150,31
151,31
152,31
153,31
154,31
155,31
156,31
157,31
158,31
159,31
160,31
161,31
162,31
163,31
164,31
165,31
166,31
167,31
168,31
169,31
170,31
171,31
172,31
173,31
174,31
175,31
176,31
177,31
178,31
179,31
180,31
181,31
182,31
183,31
184,31
185,31
186,31
187,31
188,31
189,31
190,31
191,31
192,31
193,31
194,31
195,31
196,31
197,31
198,31
199,31
200,31
201,31
202,31
203,31
204,31
205,31
206,31
207,31
208,31
209,31
210,31
211,31
212,31
213,31
214,31
215,31
216,31
217,31
218,31
219,31
220,31
221,31
222,31
223,31
224,31
225,31
226,31
227,31
228,31
229,31
230,31
231,31
232,31
233,31
234,31
236,31
247,31
248,31
23,32
24,32
25,32
26,32
27,32
28,32
29,32
30,32
31,32
32,32
33,32
34,32
35,32
36,32
37,32
38,32
39,32
40,32
41,32
42,32
43,32
44,32
45,32
46,32
47,32
48,32
49,32
50,32
51,32
52,32
53,32
54,32
55,32
56,32
57,32
58,32
59,32
60,32
61,32
62,32
63,32
64,32
65,32
66,32
67,32
68,32
69,32
70,32
71,32
72,32
73,32
74,32
75,32
76,32
79,32
120,32
121,32
122,32
125,32
126,32
127,32
128,32
129,32
130,32
131,32
132,32
133,32
134,32
135,32
136,32
137,32
138,32
139,32
140,32
141,32
142,32
143,32
144,32
145,32
146,32
147,32
148,32
149,32
150,32
151,32
152,32
153,32
154,32
155,32
156,32
157,32
158,32
159,32
160,32
161,32
162,32
163,32
164,32
165,32
166,32
167,32
168,32
169,32
170,32
171,32
172,32
173,32
174,32
175,32
176,32
177,32
178,32
179,32
180,32
181,32
182,32
183,32
184,32
185,32
186,32
187,32
188,32
189,32
190,32
191,32
192,32
193,32
194,32
195,32
196,32
197,32
198,32
199,32
200,32
201,32
202,32
203,32
204,32
205,32
206,32
207,32
208,32
209,32
210,32
211,32
212,32
213,32
214,32
215,32
216,32
217,32
218,32
219,32
220,32
221,32
222,32
223,32
224,32
225,32
226,32
227,32
228,32
229,32
230,32
231,32
232,32
233,32
234,32
235,32
237,32
238,32
24,33
26,33
27,33
28,33
29,33
30,33
31,33
32,33
33,33
34,33
35,33
36,33
37,33
38,33
39,33
40,33
41,33
42,33
43,33
44,33
45,33
46,33
47,33
48,33
49,33
50,33
51,33
52,33
53,33
54,33
55,33
56,33
57,33
58,33
59,33
60,33
61,33
62,33
63,33
64,33
65,33
66,33
67,33
68,33
69,33
70,33
73,33
74,33
78,33
79,33
124,33
125,33
126,33
127,33
128,33
129,33
130,33
131,33
132,33
133,33
134,33
135,33
136,33
137,33
138,33
139,33
140,33
141,33
142,33
143,33
144,33
145,33
146,33
147,33
148,33
149,33
150,33
151,33
152,33
153,33
154,33
155,33
156,33
157,33
158,33
159,33
160,33
161,33
162,33
163,33
164,33
165,33
166,33
167,33
168,33
169,33
170,33
171,33
172,33
173,33
174,33
175,33
176,33
177,33
178,33
179,33
180,33
181,33
182,33
183,33
184,33
185,33
186,33
187,33
188,33
189,33
190,33
191,33
192,33
193,33
194,33
195,33
196,33
197,33
198,33
199,33
200,33
201,33
202,33
203,33
204,33
205,33
206,33
207,33
208,33
209,33
210,33
211,33
212,33
213,33
214,33
215,33
216,33
217,33
218,33
219,33
220,33
221,33
222,33
223,33
224,33
225,33
226,33
227,33
228,33
229,33
230,33
231,33
232,33
233,33
234,33
235,33
236,33
237,33
238,33
239,33
24,34
26,34
27,34
28,34
29,34
30,34
31,34
32,34
33,34
34,34
35,34
36,34
37,34
38,34
39,34
40,34
41,34
42,34
43,34
44,34
45,34
46,34
47,34
48,34
49,34
50,34
51,34
52,34
55,34
56,34
57,34
58,34
59,34
60,34
61,34
62,34
63,34
64,34
65,34
66,34
67,34
68,34
69,34
70,34
71,34
72,34
77,34
78,34
79,34
80,34
81,34
120,34
121,34
122,34
123,34
124,34
125,34
126,34
127,34
128,34
129,34
130,34
131,34
132,34
133,34
134,34
135,34
136,34
137,34
138,34
139,34
140,34
141,34
142,34
143,34
144,34
145,34
146,34
147,34
148,34
149,34
150,34
151,34
152,34
153,34
154,34
155,34
156,34
157,34
158,34
159,34
160,34
161,34
162,34
163,34
164,34
165,34
166,34
167,34
168,34
169,34
170,34
171,34
172,34
173,34
174,34
175,34
176,34
177,34
178,34
179,34
180,34
181,34
182,34
183,34
184,34
185,34
186,34
187,34
188,34
189,34
190,34
191,34
192,34
193,34
194,34
195,34
196,34
197,34
198,34
199,34
200,34
201,34
202,34
203,34
204,34
205,34
206,34
207,34
208,34
209,34
210,34
211,34
212,34
213,34
214,34
215,34
216,34
217,34
218,34
219,34
220,34
221,34
222,34
223,34
224,34
225,34
226,34
227,34
228,34
229,34
230,34
231,34
232,34
233,34
234,34
235,34
236,34
238,34
24,35
25,35
26,35
27,35
28,35
29,35
30,35
31,35
32,35
33,35
34,35
35,35
36,35
37,35
38,35
39,35
40,35
41,35
42,35
43,35
44,35
45,35
46,35
47,35
48,35
49,35
50,35
55,35
56,35
57,35
58,35
59,35
60,35
61,35
62,35
63,35
64,35
65,35
66,35
67,35
68,35
69,35
70,35
71,35
76,35
77,35
78,35
79,35
81,35
122,35
123,35
124,35
125,35
126,35
127,35
128,35
129,35
130,35
131,35
132,35
133,35
134,35
135,35
136,35
137,35
138,35
139,35
140,35
141,35
142,35
143,35
144,35
145,35
146,35
147,35
148,35
149,35
150,35
151,35
152,35
153,35
154,35
155,35
156,35
157,35
158,35
159,35
160,35
161,35
162,35
163,35
164,35
165,35
166,35
167,35
168,35
169,35
170,35
171,35
172,35
173,35
174,35
175,35
176,35
177,35
178,35
179,35
180,35
181,35
182,35
183,35
184,35
185,35
186,35
187,35
188,35
189,35
190,35
191,35
192,35
193,35
194,35
195,35
196,35
197,35
198,35
199,35
200,35
201,35
202,35
203,35
204,35
205,35
206,35
207,35
208,35
209,35
210,35
211,35
212,35
213,35
214,35
215,35
216,35
217,35
218,35
219,35
220,35
221,35
222,35
223,35
224,35
225,35
226,35
227,35
228,35
229,35
230,35
231,35
232,35
233,35
234,35
235,35
236,35
239,35
23,36
24,36
25,36
26,36
27,36
28,36
29,36
30,36
31,36
32,36
33,36
34,36
35,36
36,36
37,36
38,36
39,36
40,36
41,36
42,36
43,36
44,36
45,36
46,36
47,36
48,36
49,36
50,36
51,36
52,36
53,36
54,36
55,36
56,36
57,36
58,36
59,36
60,36
61,36
62,36
63,36
64,36
65,36
66,36
67,36
68,36
69,36
70,36
71,36
72,36
74,36
122,36
123,36
124,36
125,36
126,36
127,36
128,36
129,36
130,36
131,36
132,36
133,36
134,36
135,36
136,36
137,36
138,36
139,36
140,36
141,36
142,36
143,36
144,36
145,36
146,36
147,36
148,36
149,36
150,36
151,36
152,36
153,36
155,36
156,36
157,36
158,36
159,36
160,36
161,36
162,36
163,36
164,36
167,36
168,36
169,36
170,36
171,36
172,36
173,36
174,36
175,36
176,36
177,36
178,36
179,36
180,36
181,36
182,36
183,36
184,36
185,36
186,36
187,36
188,36
189,36
190,36
191,36
192,36
193,36
194,36
195,36
196,36
197,36
198,36
199,36
200,36
201,36
202,36
203,36
204,36
205,36
206,36
207,36
208,36
209,36
210,36
211,36
212,36
213,36
214,36
215,36
216,36
217,36
218,36
219,36
220,36
221,36
222,36
223,36
224,36
225,36
226,36
227,36
228,36
229,36
230,36
231,36
232,36
233,36
234,36
235,36
236,36
239,36
240,36
22,37
23,37
24,37
25,37
26,37
27,37
28,37
29,37
30,37
31,37
32,37
33,37
34,37
35,37
36,37
37,37
38,37
39,37
40,37
41,37
42,37
43,37
44,37
45,37
46,37
47,37
48,37
49,37
50,37
51,37
52,37
54,37
58,37
59,37
60,37
61,37
62,37
63,37
64,37
65,37
66,37
67,37
68,37
69,37
70,37
71,37
72,37
73,37
74,37
123,37
124,37
125,37
126,37
127,37
128,37
129,37
130,37
131,37
132,37
133,37
134,37
135,37
136,37
137,37
138,37
139,37
140,37
141,37
142,37
143,37
144,37
145,37
146,37
147,37
151,37
152,37
155,37
156,37
157,37
158,37
159,37
160,37
161,37
162,37
167,37
168,37
169,37
170,37
171,37
172,37
173,37
174,37
175,37
176,37
177,37
178,37
179,37
180,37
181,37
182,37
183,37
185,37
186,37
187,37
188,37
189,37
190,37
191,37
192,37
193,37
194,37
195,37
196,37
197,37
198,37
199,37
200,37
201,37
202,37
203,37
204,37
205,37
206,37
207,37
208,37
209,37
210,37
211,37
212,37
213,37
214,37
215,37
216,37
217,37
218,37
219,37
220,37
221,37
222,37
223,37
224,37
225,37
226,37
227,37
228,37
229,37
230,37
231,37
232,37
233,37
234,37
235,37
236,37
246,37
22,38
23,38
24,38
25,38
26,38
27,38
28,38
29,38
30,38
31,38
32,38
33,38
34,38
35,38
36,38
37,38
38,38
39,38
40,38
41,38
42,38
43,38
44,38
45,38
46,38
47,38
48,38
49,38
50,38
51,38
53,38
54,38
55,38
57,38
58,38
59,38
60,38
61,38
62,38
63,38
64,38
65,38
66,38
67,38
68,38
70,38
71,38
123,38
124,38
125,38
126,38
127,38
128,38
129,38
130,38
131,38
132,38
133,38
136,38
137,38
138,38
139,38
140,38
141,38
142,38
143,38
144,38
145,38
146,38
147,38
151,38
152,38
155,38
156,38
157,38
158,38
159,38
160,38
161,38
162,38
165,38
166,38
167,38
168,38
169,38
170,38
171,38
172,38
173,38
174,38
175,38
176,38
177,38
178,38
179,38
180,38
181,38
182,38
183,38
184,38
185,38
186,38
187,38
188,38
189,38
190,38
191,38
192,38
193,38
194,38
195,38
196,38
197,38
198,38
199,38
200,38
201,38
202,38
203,38
204,38
205,38
206,38
207,38
208,38
209,38
210,38
211,38
212,38
213,38
214,38
215,38
216,38
217,38
218,38
219,38
220,38
221,38
222,38
223,38
224,38
225,38
226,38
227,38
228,38
229,38
230,38
231,38
232,38
233,38
234,38
235,38
241,38
21,39
22,39
23,39
24,39
25,39
26,39
27,39
28,39
29,39
30,39
31,39
32,39
33,39
34,39
35,39
36,39
37,39
38,39
39,39
40,39
41,39
42,39
43,39
44,39
45,39
46,39
47,39
48,39
49,39
50,39
51,39
52,39
53,39
54,39
55,39
56,39
57,39
61,39
62,39
63,39
64,39
65,39
69,39
117,39
118,39
119,39
123,39
124,39
125,39
126,39
127,39
128,39
129,39
132,39
133,39
134,39
137,39
138,39
139,39
140,39
141,39
142,39
143,39
144,39
145,39
146,39
147,39
157,39
158,39
159,39
160,39
161,39
162,39
166,39
167,39
168,39
169,39
170,39
171,39
172,39
173,39
174,39
175,39
176,39
177,39
178,39
179,39
180,39
181,39
182,39
183,39
184,39
185,39
186,39
187,39
188,39
189,39
190,39
191,39
192,39
193,39
194,39
195,39
196,39
197,39
198,39
199,39
200,39
201,39
202,39
203,39
204,39
205,39
206,39
207,39
208,39
209,39
210,39
211,39
212,39
213,39
214,39
215,39
216,39
217,39
218,39
219,39
220,39
221,39
222,39
223,39
224,39
225,39
226,39
227,39
228,39
229,39
230,39
231,39
232,39
233,39
234,39
235,39
241,39
242,39
243,39
20,40
21,40
22,40
23,40
24,40
25,40
26,40
27,40
28,40
29,40
30,40
31,40
32,40
33,40
34,40
35,40
36,40
37,40
38,40
39,40
40,40
41,40
42,40
43,40
44,40
45,40
46,40
47,40
48,40
49,40
50,40
52,40
53,40
54,40
55,40
56,40
58,40
59,40
60,40
61,40
62,40
63,40
64,40
116,40
117,40
118,40
119,40
120,40
121,40
122,40
123,40
124,40
125,40
126,40
131,40
133,40
134,40
135,40
139,40
140,40
141,40
142,40
143,40
144,40
145,40
146,40
158,40
159,40
160,40
161,40
162,40
163,40
168,40
169,40
170,40
171,40
172,40
173,40
174,40
175,40
176,40
177,40
178,40
179,40
180,40
181,40
182,40
183,40
184,40
185,40
186,40
187,40
188,40
189,40
190,40
191,40
192,40
193,40
194,40
195,40
196,40
197,40
198,40
199,40
200,40
201,40
202,40
203,40
204,40
205,40
206,40
207,40
208,40
209,40
210,40
211,40
212,40
213,40
214,40
215,40
216,40
217,40
218,40
219,40
220,40
221,40
222,40
223,40
224,40
225,40
226,40
227,40
228,40
229,40
230,40
231,40
232,40
240,40
241,40
242,40
243,40
20,41
21,41
22,41
23,41
24,41
25,41
26,41
27,41
28,41
29,41
30,41
31,41
32,41
33,41
34,41
35,41
36,41
37,41
38,41
39,41
40,41
41,41
42,41
43,41
44,41
45,41
46,41
47,41
48,41
49,41
50,41
51,41
52,41
53,41
56,41
57,41
58,41
59,41
60,41
61,41
62,41
63,41
64,41
116,41
117,41
118,41
119,41
120,41
121,41
122,41
123,41
124,41
125,41
126,41
131,41
134,41
135,41
136,41
137,41
140,41
141,41
142,41
143,41
144,41
145,41
146,41
147,41
151,41
152,41
153,41
159,41
160,41
161,41
162,41
163,41
164,41
169,41
170,41
171,41
172,41
173,41
174,41
175,41
176,41
177,41
178,41
179,41
180,41
181,41
182,41
183,41
184,41
185,41
186,41
187,41
188,41
189,41
190,41
191,41
192,41
193,41
194,41
195,41
196,41
197,41
198,41
199,41
200,41
201,41
202,41
203,41
204,41
205,41
206,41
207,41
208,41
209,41
210,41
211,41
212,41
213,41
214,41
215,41
216,41
217,41
218,41
219,41
220,41
221,41
222,41
223,41
224,41
225,41
226,41
227,41
228,41
229,41
230,41
231,41
232,41
241,41
19,42
20,42
21,42
22,42
23,42
24,42
25,42
26,42
27,42
28,42
29,42
30,42
31,42
32,42
33,42
34,42
35,42
36,42
37,42
38,42
39,42
40,42
41,42
42,42
43,42
44,42
45,42
46,42
47,42
48,42
49,42
50,42
51,42
52,42
53,42
54,42
55,42
56,42
57,42
58,42
59,42
60,42
61,42
116,42
117,42
118,42
119,42
120,42
121,42
122,42
123,42
124,42
131,42
136,42
137,42
138,42
140,42
141,42
142,42
143,42
146,42
148,42
149,42
150,42
151,42
152,42
153,42
154,42
155,42
156,42
157,42
158,42
159,42
160,42
161,42
162,42
163,42
164,42
165,42
168,42
169,42
170,42
171,42
172,42
173,42
174,42
175,42
176,42
177,42
178,42
179,42
180,42
181,42
182,42
183,42
184,42
185,42
186,42
187,42
188,42
189,42
190,42
191,42
192,42
193,42
194,42
195,42
196,42
197,42
198,42
199,42
200,42
201,42
202,42
203,42
204,42
205,42
206,42
207,42
208,42
209,42
210,42
211,42
212,42
213,42
214,42
215,42
216,42
217,42
218,42
219,42
220,42
221,42
222,42
223,42
224,42
225,42
226,42
227,42
228,42
229,42
230,42
231,42
232,42
241,42
242,42
19,43
20,43
21,43
22,43
23,43
24,43
25,43
26,43
27,43
28,43
29,43
30,43
31,43
32,43
33,43
34,43
35,43
36,43
37,43
38,43
39,43
40,43
41,43
42,43
43,43
44,43
45,43
46,43
47,43
48,43
49,43
50,43
51,43
52,43
53,43
54,43
55,43
56,43
57,43
58,43
59,43
60,43
116,43
117,43
118,43
119,43
120,43
121,43
122,43
123,43
126,43
131,43
137,43
141,43
142,43
146,43
147,43
148,43
149,43
150,43
151,43
152,43
153,43
154,43
155,43
156,43
157,43
158,43
159,43
160,43
161,43
162,43
163,43
164,43
165,43
169,43
170,43
171,43
172,43
173,43
174,43
175,43
176,43
177,43
178,43
179,43
180,43
181,43
182,43
183,43
184,43
185,43
186,43
187,43
188,43
189,43
190,43
191,43
192,43
193,43
194,43
195,43
196,43
197,43
198,43
199,43
200,43
201,43
202,43
203,43
204,43
205,43
206,43
207,43
208,43
209,43
210,43
211,43
212,43
213,43
214,43
215,43
216,43
217,43
218,43
219,43
220,43
221,43
222,43
223,43
224,43
226,43
227,43
228,43
229,43
230,43
231,43
242,43
243,43
19,44
20,44
21,44
22,44
23,44
24,44
25,44
26,44
27,44
28,44
29,44
30,44
31,44
32,44
33,44
34,44
35,44
36,44
37,44
38,44
39,44
40,44
41,44
42,44
43,44
44,44
45,44
46,44
47,44
48,44
49,44
50,44
51,44
52,44
53,44
54,44
55,44
56,44
57,44
58,44
59,44
116,44
117,44
118,44
119,44
120,44
121,44
122,44
123,44
137,44
141,44
142,44
143,44
146,44
147,44
148,44
149,44
150,44
151,44
152,44
153,44
154,44
155,44
156,44
157,44
158,44
159,44
160,44
161,44
162,44
163,44
164,44
169,44
170,44
171,44
172,44
173,44
174,44
175,44
176,44
177,44
178,44
179,44
180,44
181,44
182,44
183,44
184,44
185,44
186,44
187,44
188,44
189,44
190,44
191,44
192,44
193,44
194,44
195,44
196,44
197,44
198,44
199,44
200,44
201,44
202,44
203,44
204,44
205,44
206,44
207,44
208,44
209,44
210,44
211,44
212,44
213,44
214,44
215,44
216,44
217,44
218,44
219,44
220,44
221,44
222,44
223,44
230,44
231,44
232,44
242,44
243,44
19,45
20,45
21,45
22,45
23,45
24,45
25,45
26,45
27,45
28,45
29,45
30,45
31,45
32,45
33,45
34,45
35,45
36,45
37,45
38,45
39,45
40,45
41,45
42,45
43,45
44,45
45,45
46,45
47,45
48,45
49,45
50,45
51,45
52,45
53,45
54,45
55,45
56,45
57,45
58,45
59,45
116,45
117,45
118,45
119,45
120,45
121,45
122,45
134,45
135,45
136,45
142,45
143,45
147,45
148,45
149,45
150,45
151,45
152,45
153,45
154,45
155,45
156,45
157,45
158,45
159,45
160,45
161,45
162,45
163,45
164,45
165,45
170,45
171,45
172,45
173,45
174,45
175,45
176,45
177,45
178,45
179,45
180,45
181,45
182,45
183,45
184,45
185,45
186,45
187,45
188,45
189,45
190,45
191,45
192,45
193,45
194,45
195,45
196,45
197,45
198,45
199,45
200,45
201,45
202,45
203,45
204,45
205,45
206,45
207,45
208,45
209,45
210,45
211,45
212,45
213,45
214,45
215,45
216,45
217,45
218,45
219,45
220,45
221,45
222,45
223,45
224,45
226,45
230,45
231,45
232,45
233,45
242,45
243,45
19,46
20,46
21,46
22,46
23,46
24,46
25,46
26,46
27,46
28,46
29,46
30,46
31,46
32,46
33,46
34,46
35,46
36,46
37,46
38,46
39,46
40,46
41,46
42,46
43,46
44,46
45,46
46,46
47,46
48,46
49,46
50,46
51,46
52,46
53,46
54,46
55,46
56,46
57,46
58,46
118,46
119,46
120,46
121,46
126,46
127,46
128,46
129,46
130,46
131,46
132,46
136,46
142,46
143,46
148,46
149,46
150,46
151,46
152,46
153,46
154,46
155,46
156,46
157,46
158,46
159,46
160,46
161,46
162,46
163,46
164,46
165,46
166,46
167,46
169,46
170,46
171,46
172,46
173,46
174,46
175,46
176,46
177,46
178,46
179,46
180,46
181,46
182,46
183,46
184,46
185,46
186,46
187,46
188,46
189,46
190,46
191,46
192,46
193,46
194,46
195,46
196,46
197,46
198,46
199,46
200,46
201,46
202,46
203,46
204,46
205,46
206,46
207,46
208,46
209,46
210,46
211,46
212,46
213,46
214,46
215,46
216,46
217,46
218,46
219,46
220,46
221,46
222,46
223,46
224,46
225,46
226,46
227,46
228,46
232,46
233,46
234,46
241,46
242,46
243,46
19,47
20,47
21,47
22,47
23,47
24,47
25,47
26,47
27,47
28,47
29,47
30,47
31,47
32,47
33,47
34,47
35,47
36,47
37,47
38,47
39,47
40,47
41,47
42,47
43,47
44,47
45,47
46,47
47,47
48,47
49,47
50,47
51,47
52,47
53,47
54,47
55,47
56,47
57,47
118,47
123,47
124,47
125,47
126,47
127,47
128,47
129,47
130,47
131,47
132,47
147,47
154,47
155,47
156,47
157,47
158,47
159,47
160,47
161,47
162,47
163,47
164,47
165,47
166,47
167,47
168,47
169,47
170,47
171,47
172,47
173,47
174,47
175,47
176,47
177,47
178,47
179,47
180,47
181,47
182,47
183,47
184,47
185,47
186,47
187,47
188,47
189,47
190,47
191,47
192,47
193,47
194,47
195,47
196,47
197,47
198,47
199,47
200,47
201,47
202,47
203,47
204,47
205,47
206,47
207,47
208,47
209,47
210,47
211,47
212,47
213,47
214,47
215,47
216,47
217,47
218,47
219,47
220,47
221,47
222,47
223,47
224,47
225,47
226,47
233,47
234,47
241,47
242,47
243,47
244,47
19,48
20,48
21,48
22,48
23,48
24,48
25,48
26,48
27,48
28,48
29,48
30,48
31,48
32,48
33,48
34,48
35,48
36,48
37,48
38,48
39,48
40,48
41,48
42,48
43,48
44,48
45,48
46,48
47,48
48,48
49,48
50,48
51,48
52,48
53,48
54,48
55,48
56,48
118,48
119,48
120,48
121,48
122,48
123,48
124,48
125,48
126,48
127,48
128,48
129,48
130,48
131,48
132,48
145,48
151,48
152,48
155,48
156,48
157,48
158,48
159,48
160,48
161,48
162,48
163,48
164,48
165,48
166,48
167,48
168,48
169,48
170,48
171,48
172,48
173,48
174,48
175,48
176,48
177,48
178,48
179,48
180,48
181,48
182,48
183,48
184,48
185,48
186,48
187,48
188,48
189,48
190,48
191,48
192,48
193,48
194,48
195,48
196,48
197,48
198,48
199,48
200,48
201,48
202,48
203,48
204,48
205,48
206,48
207,48
208,48
209,48
210,48
211,48
212,48
213,48
214,48
215,48
216,48
217,48
218,48
219,48
220,48
221,48
222,48
223,48
224,48
225,48
226,48
233,48
234,48
237,48
238,48
239,48
240,48
241,48
242,48
243,48
244,48
21,49
22,49
23,49
24,49
25,49
26,49
27,49
28,49
29,49
30,49
31,49
32,49
33,49
34,49
35,49
36,49
37,49
38,49
39,49
40,49
41,49
42,49
43,49
44,49
45,49
46,49
47,49
48,49
49,49
50,49
51,49
52,49
53,49
54,49
55,49
117,49
118,49
119,49
120,49
121,49
122,49
123,49
124,49
125,49
126,49
127,49
128,49
129,49
130,49
131,49
132,49
154,49
155,49
156,49
157,49
158,49
159,49
160,49
161,49
162,49
163,49
164,49
165,49
166,49
167,49
168,49
169,49
170,49
171,49
172,49
173,49
174,49
175,49
176,49
177,49
178,49
179,49
180,49
181,49
182,49
183,49
184,49
185,49
186,49
187,49
188,49
189,49
190,49
191,49
192,49
193,49
194,49
195,49
196,49
197,49
198,49
199,49
200,49
201,49
202,49
203,49
204,49
205,49
206,49
207,49
208,49
209,49
210,49
211,49
212,49
213,49
214,49
215,49
216,49
217,49
218,49
219,49
220,49
221,49
222,49
223,49
224,49
225,49
226,49
227,49
237,49
239,49
240,49
241,49
22,50
23,50
24,50
25,50
26,50
27,50
28,50
29,50
30,50
31,50
32,50
33,50
34,50
35,50
36,50
37,50
38,50
39,50
40,50
41,50
42,50
43,50
44,50
45,50
46,50
47,50
48,50
49,50
50,50
51,50
52,50
53,50
54,50
116,50
117,50
118,50
119,50
120,50
121,50
122,50
123,50
124,50
125,50
126,50
127,50
128,50
129,50
130,50
131,50
132,50
133,50
142,50
154,50
155,50
156,50
157,50
158,50
159,50
160,50
161,50
162,50
163,50
164,50
165,50
166,50
167,50
168,50
169,50
170,50
171,50
172,50
173,50
174,50
175,50
176,50
177,50
178,50
179,50
180,50
181,50
182,50
183,50
184,50
185,50
186,50
187,50
188,50
189,50
190,50
191,50
192,50
193,50
194,50
195,50
196,50
197,50
198,50
199,50
200,50
201,50
202,50
203,50
204,50
205,50
206,50
207,50
208,50
209,50
210,50
211,50
212,50
213,50
214,50
215,50
216,50
217,50
218,50
219,50
220,50
221,50
222,50
223,50
224,50
225,50
226,50
227,50
228,50
236,50
237,50
238,50
25,51
26,51
27,51
28,51
29,51
30,51
31,51
32,51
33,51
34,51
35,51
36,51
37,51
38,51
39,51
40,51
41,51
42,51
43,51
44,51
45,51
46,51
47,51
48,51
49,51
50,51
51,51
52,51
115,51
116,51
117,51
118,51
119,51
120,51
121,51
122,51
123,51
124,51
125,51
126,51
127,51
128,51
129,51
130,51
131,51
132,51
133,51
134,51
135,51
136,51
141,51
142,51
143,51
144,51
145,51
154,51
155,51
156,51
157,51
158,51
159,51
160,51
161,51
162,51
163,51
164,51
165,51
166,51
167,51
168,51
169,51
170,51
171,51
172,51
173,51
174,51
175,51
176,51
177,51
178,51
179,51
180,51
181,51
182,51
183,51
184,51
185,51
186,51
187,51
188,51
189,51
190,51
191,51
192,51
193,51
194,51
195,51
196,51
197,51
198,51
199,51
200,51
201,51
202,51
203,51
204,51
205,51
206,51
207,51
208,51
209,51
210,51
211,51
212,51
213,51
214,51
215,51
216,51
217,51
218,51
219,51
220,51
221,51
222,51
223,51
224,51
225,51
226,51
227,51
228,51
229,51
237,51
238,51
31,52
32,52
33,52
34,52
35,52
36,52
37,52
38,52
39,52
40,52
41,52
42,52
43,52
44,52
45,52
46,52
47,52
48,52
49,52
50,52
51,52
115,52
116,52
117,52
118,52
119,52
120,52
121,52
122,52
123,52
124,52
125,52
126,52
127,52
128,52
129,52
130,52
131,52
132,52
133,52
134,52
135,52
136,52
137,52
138,52
141,52
142,52
143,52
144,52
145,52
146,52
147,52
148,52
149,52
150,52
151,52
152,52
153,52
154,52
155,52
156,52
157,52
158,52
159,52
160,52
161,52
162,52
163,52
164,52
165,52
166,52
167,52
168,52
169,52
170,52
171,52
172,52
173,52
174,52
175,52
176,52
177,52
178,52
179,52
180,52
181,52
182,52
183,52
184,52
185,52
186,52
187,52
188,52
189,52
190,52
191,52
192,52
193,52
194,52
195,52
196,52
197,52
198,52
199,52
200,52
201,52
202,52
203,52
204,52
205,52
206,52
207,52
208,52
209,52
210,52
211,52
212,52
213,52
214,52
215,52
216,52
217,52
218,52
219,52
220,52
221,52
222,52
223,52
224,52
225,52
226,52
227,52
228,52
229,52
32,53
33,53
34,53
35,53
36,53
37,53
38,53
39,53
40,53
41,53
42,53
43,53
44,53
48,53
49,53
50,53
51,53
115,53
116,53
117,53
118,53
119,53
120,53
121,53
122,53
123,53
124,53
125,53
126,53
127,53
128,53
129,53
130,53
131,53
132,53
133,53
134,53
135,53
136,53
137,53
138,53
139,53
140,53
141,53
142,53
143,53
144,53
145,53
146,53
147,53
148,53
149,53
150,53
151,53
152,53
153,53
154,53
155,53
156,53
157,53
158,53
159,53
160,53
161,53
162,53
163,53
164,53
165,53
166,53
167,53
168,53
169,53
170,53
171,53
172,53
173,53
174,53
175,53
176,53
177,53
178,53
179,53
180,53
181,53
182,53
183,53
184,53
185,53
186,53
187,53
188,53
189,53
190,53
191,53
192,53
193,53
194,53
195,53
196,53
197,53
198,53
199,53
200,53
201,53
202,53
203,53
204,53
205,53
206,53
207,53
208,53
209,53
210,53
211,53
212,53
213,53
214,53
215,53
216,53
217,53
218,53
219,53
220,53
221,53
222,53
223,53
224,53
225,53
226,53
227,53
228,53
229,53
230,53
5,54
35,54
36,54
37,54
38,54
39,54
43,54
50,54
51,54
111,54
114,54
115,54
116,54
117,54
118,54
119,54
120,54
121,54
122,54
123,54
124,54
125,54
126,54
127,54
128,54
129,54
130,54
131,54
132,54
133,54
134,54
135,54
136,54
137,54
138,54
139,54
140,54
141,54
142,54
143,54
144,54
145,54
146,54
147,54
148,54
149,54
150,54
151,54
152,54
153,54
154,54
155,54
156,54
157,54
158,54
159,54
160,54
161,54
162,54
163,54
164,54
165,54
168,54
169,54
170,54
171,54
172,54
173,54
174,54
175,54
176,54
177,54
178,54
179,54
180,54
181,54
182,54
183,54
184,54
185,54
186,54
187,54
188,54
189,54
190,54
191,54
192,54
193,54
194,54
195,54
196,54
197,54
198,54
199,54
200,54
201,54
202,54
203,54
204,54
205,54
206,54
207,54
208,54
209,54
210,54
211,54
212,54
213,54
214,54
215,54
216,54
217,54
218,54
219,54
220,54
221,54
222,54
223,54
224,54
225,54
226,54
227,54
228,54
229,54
230,54
35,55
36,55
37,55
50,55
51,55
108,55
109,55
112,55
113,55
114,55
115,55
116,55
117,55
118,55
119,55
120,55
121,55
122,55
123,55
124,55
125,55
126,55
127,55
128,55
129,55
130,55
131,55
132,55
133,55
134,55
135,55
136,55
137,55
138,55
139,55
140,55
141,55
142,55
143,55
144,55
145,55
146,55
147,55
148,55
149,55
150,55
151,55
152,55
153,55
154,55
155,55
156,55
157,55
158,55
159,55
160,55
161,55
162,55
163,55
164,55
165,55
166,55
169,55
170,55
171,55
172,55
173,55
174,55
175,55
176,55
177,55
178,55
179,55
180,55
181,55
182,55
183,55
184,55
185,55
186,55
187,55
188,55
189,55
190,55
191,55
192,55
193,55
194,55
195,55
196,55
197,55
198,55
199,55
200,55
201,55
202,55
203,55
204,55
205,55
206,55
207,55
208,55
209,55
210,55
211,55
212,55
213,55
214,55
215,55
216,55
217,55
218,55
219,55
220,55
221,55
222,55
223,55
224,55
225,55
226,55
227,55
228,55
229,55
230,55
7,56
8,56
35,56
36,56
50,56
51,56
111,56
112,56
113,56
114,56
115,56
116,56
117,56
118,56
119,56
120,56
121,56
122,56
123,56
124,56
125,56
126,56
127,56
128,56
129,56
130,56
131,56
132,56
133,56
134,56
135,56
136,56
137,56
138,56
139,56
140,56
141,56
142,56
143,56
144,56
145,56
146,56
147,56
148,56
149,56
150,56
151,56
152,56
153,56
155,56
156,56
157,56
158,56
159,56
160,56
161,56
162,56
163,56
164,56
165,56
166,56
167,56
170,56
171,56
172,56
173,56
174,56
175,56
176,56
177,56
178,56
179,56
180,56
181,56
182,56
183,56
184,56
185,56
186,56
187,56
188,56
189,56
190,56
191,56
192,56
193,56
194,56
195,56
196,56
197,56
198,56
199,56
200,56
201,56
202,56
203,56
204,56
205,56
206,56
207,56
208,56
209,56
210,56
211,56
212,56
213,56
214,56
215,56
216,56
217,56
218,56
219,56
220,56
221,56
222,56
223,56
224,56
225,56
226,56
227,56
228,56
229,56
36,57
51,57
110,57
111,57
112,57
113,57
114,57
115,57
116,57
117,57
118,57
119,57
120,57
121,57
122,57
123,57
124,57
125,57
126,57
127,57
128,57
129,57
130,57
131,57
132,57
133,57
134,57
135,57
136,57
137,57
138,57
139,57
140,57
141,57
142,57
143,57
144,57
145,57
146,57
147,57
148,57
149,57
150,57
151,57
152,57
153,57
156,57
157,57
158,57
159,57
160,57
161,57
162,57
163,57
164,57
165,57
166,57
167,57
173,57
174,57
175,57
176,57
177,57
178,57
179,57
180,57
181,57
182,57
183,57
184,57
185,57
186,57
187,57
188,57
189,57
190,57
191,57
192,57
193,57
194,57
195,57
196,57
197,57
198,57
199,57
200,57
201,57
202,57
203,57
204,57
205,57
206,57
207,57
208,57
209,57
210,57
211,57
212,57
213,57
214,57
215,57
216,57
217,57
218,57
219,57
220,57
221,57
222,57
223,57
224,57
225,57
226,57
227,57
228,57
229,57
51,58
110,58
111,58
112,58
113,58
114,58
115,58
116,58
117,58
118,58
119,58
120,58
121,58
122,58
123,58
124,58
125,58
126,58
127,58
128,58
129,58
130,58
131,58
132,58
133,58
134,58
135,58
136,58
137,58
138,58
139,58
140,58
141,58
142,58
143,58
144,58
145,58
146,58
147,58
148,58
149,58
150,58
151,58
152,58
153,58
154,58
156,58
157,58
158,58
159,58
160,58
161,58
162,58
163,58
164,58
165,58
166,58
167,58
168,58
172,58
173,58
177,58
178,58
179,58
180,58
181,58
183,58
184,58
185,58
186,58
187,58
188,58
189,58
190,58
191,58
192,58
193,58
194,58
195,58
196,58
197,58
198,58
199,58
200,58
201,58
202,58
203,58
204,58
205,58
206,58
207,58
208,58
209,58
210,58
211,58
212,58
213,58
214,58
215,58
216,58
217,58
218,58
219,58
220,58
221,58
222,58
223,58
224,58
225,58
226,58
227,58
228,58
229,58
231,58
109,59
110,59
111,59
112,59
113,59
114,59
115,59
116,59
117,59
118,59
119,59
120,59
121,59
122,59
123,59
124,59
125,59
126,59
127,59
128,59
129,59
130,59
131,59
132,59
133,59
134,59
135,59
136,59
137,59
138,59
139,59
140,59
141,59
142,59
143,59
144,59
145,59
146,59
147,59
148,59
149,59
150,59
151,59
152,59
153,59
154,59
157,59
158,59
159,59
160,59
161,59
162,59
163,59
164,59
165,59
166,59
167,59
168,59
169,59
170,59
172,59
173,59
183,59
184,59
185,59
186,59
187,59
188,59
189,59
190,59
191,59
192,59
193,59
194,59
195,59
196,59
197,59
198,59
199,59
200,59
201,59
202,59
203,59
204,59
205,59
206,59
207,59
208,59
209,59
210,59
211,59
212,59
213,59
214,59
215,59
216,59
217,59
218,59
219,59
220,59
221,59
222,59
223,59
224,59
225,59
226,59
227,59
228,59
231,59
109,60
110,60
111,60
112,60
113,60
114,60
115,60
116,60
117,60
118,60
119,60
120,60
121,60
122,60
123,60
124,60
125,60
126,60
127,60
128,60
129,60
130,60
131,60
132,60
133,60
134,60
135,60
136,60
137,60
138,60
139,60
140,60
141,60
142,60
143,60
144,60
145,60
146,60
147,60
148,60
149,60
150,60
151,60
152,60
153,60
154,60
158,60
159,60
160,60
161,60
162,60
163,60
164,60
165,60
166,60
167,60
168,60
169,60
170,60
171,60
172,60
173,60
174,60
175,60
184,60
185,60
186,60
187,60
188,60
189,60
190,60
191,60
192,60
193,60
194,60
195,60
196,60
197,60
198,60
199,60
200,60
201,60
202,60
203,60
204,60
205,60
206,60
207,60
208,60
209,60
210,60
211,60
212,60
213,60
214,60
215,60
216,60
217,60
218,60
219,60
220,60
221,60
222,60
223,60
224,60
225,60
226,60
227,60
231,60
108,61
109,61
110,61
111,61
112,61
113,61
114,61
115,61
116,61
117,61
118,61
119,61
120,61
121,61
122,61
123,61
124,61
125,61
126,61
127,61
128,61
129,61
130,61
131,61
132,61
133,61
134,61
135,61
136,61
137,61
138,61
139,61
140,61
141,61
142,61
143,61
144,61
145,61
146,61
147,61
148,61
149,61
150,61
151,61
152,61
153,61
154,61
155,61
158,61
159,61
160,61
161,61
162,61
163,61
164,61
165,61
166,61
167,61
168,61
169,61
170,61
171,61
172,61
173,61
174,61
175,61
176,61
185,61
186,61
187,61
188,61
189,61
190,61
191,61
192,61
193,61
194,61
195,61
196,61
197,61
198,61
199,61
200,61
201,61
202,61
203,61
204,61
205,61
206,61
207,61
208,61
209,61
210,61
211,61
212,61
213,61
214,61
215,61
216,61
217,61
218,61
219,61
220,61
221,61
222,61
223,61
224,61
231,61
108,62
109,62
110,62
111,62
112,62
113,62
114,62
115,62
116,62
117,62
118,62
119,62
120,62
121,62
122,62
123,62
124,62
125,62
126,62
127,62
128,62
129,62
130,62
131,62
132,62
133,62
134,62
135,62
136,62
137,62
138,62
139,62
140,62
141,62
142,62
143,62
144,62
145,62
146,62
147,62
148,62
149,62
150,62
151,62
152,62
153,62
154,62
155,62
156,62
158,62
159,62
160,62
161,62
162,62
163,62
164,62
165,62
166,62
167,62
168,62
169,62
170,62
171,62
172,62
173,62
174,62
175,62
176,62
186,62
187,62
188,62
189,62
190,62
191,62
192,62
193,62
194,62
195,62
196,62
197,62
198,62
199,62
200,62
201,62
206,62
207,62
208,62
209,62
210,62
211,62
212,62
213,62
214,62
215,62
216,62
217,62
218,62
219,62
221,62
222,62
108,63
109,63
110,63
111,63
112,63
113,63
114,63
115,63
116,63
117,63
118,63
119,63
120,63
121,63
122,63
123,63
124,63
125,63
126,63
127,63
128,63
129,63
130,63
131,63
132,63
133,63
134,63
135,63
136,63
137,63
138,63
139,63
140,63
141,63
142,63
143,63
144,63
145,63
146,63
147,63
148,63
149,63
150,63
151,63
152,63
153,63
154,63
155,63
156,63
159,63
160,63
161,63
162,63
163,63
164,63
165,63
166,63
167,63
168,63
169,63
170,63
171,63
172,63
173,63
174,63
175,63
189,63
190,63
191,63
192,63
193,63
194,63
195,63
196,63
197,63
198,63
199,63
200,63
206,63
207,63
208,63
209,63
210,63
211,63
212,63
213,63
214,63
215,63
216,63
217,63
218,63
222,63
108,64
109,64
110,64
111,64
112,64
113,64
114,64
115,64
116,64
117,64
118,64
119,64
120,64
121,64
122,64
123,64
124,64
125,64
126,64
127,64
128,64
129,64
130,64
131,64
132,64
133,64
134,64
135,64
136,64
137,64
138,64
139,64
140,64
141,64
142,64
143,64
144,64
145,64
146,64
147,64
148,64
149,64
150,64
151,64
152,64
153,64
154,64
155,64
156,64
160,64
161,64
162,64
163,64
164,64
165,64
166,64
167,64
168,64
169,64
170,64
171,64
172,64
173,64
174,64
189,64
190,64
191,64
192,64
193,64
194,64
195,64
196,64
197,64
198,64
199,64
208,64
209,64
210,64
211,64
212,64
213,64
214,64
215,64
216,64
217,64
218,64
221,64
222,64
109,65
110,65
111,65
112,65
113,65
114,65
115,65
116,65
117,65
118,65
119,65
120,65
121,65
122,65
123,65
124,65
125,65
126,65
127,65
128,65
129,65
130,65
131,65
132,65
133,65
134,65
135,65
136,65
137,65
138,65
139,65
140,65
141,65
142,65
143,65
144,65
145,65
146,65
147,65
148,65
149,65
150,65
151,65
152,65
153,65
154,65
155,65
156,65
157,65
160,65
161,65
162,65
163,65
164,65
165,65
166,65
167,65
168,65
169,65
170,65
171,65
172,65
173,65
174,65
189,65
190,65
191,65
192,65
193,65
194,65
195,65
196,65
197,65
198,65
208,65
209,65
210,65
211,65
212,65
213,65
214,65
215,65
216,65
217,65
218,65
221,65
222,65
232,65
233,65
109,66
110,66
111,66
112,66
113,66
114,66
115,66
116,66
117,66
118,66
119,66
120,66
121,66
122,66
123,66
124,66
125,66
126,66
127,66
128,66
129,66
130,66
131,66
132,66
133,66
134,66
135,66
136,66
137,66
138,66
139,66
140,66
141,66
142,66
143,66
144,66
145,66
146,66
147,66
148,66
149,66
150,66
151,66
152,66
153,66
154,66
155,66
156,66
157,66
161,66
162,66
163,66
164,66
165,66
166,66
167,66
168,66
169,66
170,66
171,66
172,66
189,66
190,66
191,66
192,66
193,66
194,66
195,66
196,66
197,66
198,66
209,66
210,66
211,66
212,66
213,66
214,66
215,66
216,66
217,66
218,66
219,66
232,66
233,66
108,67
109,67
110,67
111,67
112,67
113,67
114,67
115,67
116,67
117,67
118,67
119,67
120,67
121,67
122,67
123,67
124,67
125,67
126,67
127,67
128,67
129,67
130,67
131,67
132,67
133,67
134,67
135,67
136,67
137,67
138,67
139,67
140,67
141,67
142,67
143,67
144,67
145,67
146,67
147,67
148,67
149,67
150,67
151,67
152,67
153,67
154,67
155,67
156,67
157,67
158,67
162,67
163,67
164,67
165,67
166,67
167,67
168,67
169,67
170,67
189,67
190,67
191,67
192,67
193,67
194,67
195,67
196,67
197,67
208,67
209,67
210,67
211,67
212,67
213,67
214,67
215,67
216,67
217,67
218,67
219,67
220,67
232,67
233,67
108,68
109,68
110,68
111,68
112,68
113,68
114,68
115,68
116,68
117,68
118,68
119,68
120,68
121,68
122,68
123,68
124,68
125,68
126,68
127,68
128,68
129,68
130,68
131,68
132,68
133,68
134,68
135,68
136,68
137,68
138,68
139,68
140,68
141,68
142,68
143,68
144,68
145,68
146,68
147,68
148,68
149,68
150,68
151,68
152,68
153,68
154,68
155,68
156,68
157,68
158,68
162,68
163,68
164,68
165,68
166,68
167,68
168,68
169,68
170,68
190,68
191,68
192,68
193,68
194,68
195,68
212,68
213,68
214,68
215,68
216,68
217,68
218,68
219,68
220,68
221,68
232,68
107,69
108,69
109,69
110,69
111,69
112,69
113,69
114,69
115,69
116,69
117,69
118,69
119,69
120,69
121,69
122,69
123,69
124,69
125,69
126,69
127,69
128,69
129,69
130,69
131,69
132,69
133,69
134,69
135,69
136,69
137,69
138,69
139,69
140,69
141,69
142,69
143,69
144,69
145,69
146,69
147,69
148,69
149,69
150,69
151,69
152,69
153,69
154,69
155,69
156,69
157,69
158,69
159,69
160,69
162,69
163,69
164,69
165,69
166,69
167,69
190,69
191,69
192,69
193,69
194,69
195,69
212,69
213,69
214,69
215,69
216,69
217,69
218,69
219,69
220,69
221,69
232,69
233,69
108,70
109,70
110,70
111,70
112,70
113,70
114,70
115,70
116,70
117,70
118,70
119,70
120,70
121,70
122,70
123,70
124,70
125,70
126,70
127,70
128,70
129,70
130,70
131,70
132,70
133,70
134,70
135,70
136,70
137,70
138,70
139,70
140,70
141,70
142,70
143,70
144,70
145,70
146,70
147,70
148,70
149,70
150,70
151,70
152,70
153,70
154,70
155,70
156,70
157,70
158,70
159,70
160,70
161,70
162,70
163,70
164,70
165,70
166,70
191,70
192,70
193,70
194,70
195,70
212,70
213,70
214,70
215,70
216,70
217,70
218,70
219,70
220,70
221,70
222,70
233,70
234,70
235,70
108,71
109,71
110,71
111,71
112,71
113,71
114,71
115,71
116,71
117,71
118,71
119,71
120,71
121,71
122,71
123,71
124,71
125,71
126,71
127,71
128,71
129,71
130,71
131,71
132,71
133,71
134,71
135,71
136,71
137,71
138,71
139,71
140,71
141,71
142,71
143,71
144,71
145,71
146,71
147,71
148,71
149,71
150,71
151,71
152,71
153,71
154,71
155,71
156,71
157,71
158,71
159,71
160,71
161,71
162,71
163,71
172,71
191,71
192,71
193,71
194,71
195,71
207,71
213,71
215,71
216,71
217,71
218,71
219,71
220,71
221,71
222,71
233,71
109,72
110,72
111,72
112,72
113,72
114,72
115,72
116,72
117,72
118,72
119,72
120,72
121,72
122,72
123,72
124,72
125,72
126,72
127,72
128,72
129,72
130,72
131,72
132,72
133,72
134,72
135,72
136,72
137,72
138,72
139,72
140,72
141,72
142,72
143,72
144,72
145,72
146,72
147,72
148,72
149,72
150,72
151,72
152,72
153,72
154,72
155,72
156,72
157,72
158,72
159,72
160,72
161,72
162,72
169,72
192,72
193,72
194,72
195,72
213,72
217,72
218,72
219,72
220,72
221,72
222,72
234,72
237,72
110,73
111,73
112,73
113,73
114,73
115,73
116,73
117,73
118,73
119,73
120,73
121,73
122,73
123,73
124,73
125,73
126,73
127,73
128,73
129,73
130,73
131,73
132,73
133,73
134,73
135,73
136,73
137,73
138,73
139,73
140,73
141,73
142,73
143,73
144,73
145,73
146,73
147,73
148,73
149,73
150,73
151,73
152,73
153,73
154,73
155,73
156,73
157,73
158,73
159,73
160,73
161,73
162,73
164,73
165,73
166,73
167,73
168,73
169,73
192,73
193,73
194,73
195,73
213,73
217,73
218,73
219,73
220,73
221,73
234,73
235,73
236,73
110,74
111,74
112,74
113,74
114,74
115,74
116,74
117,74
118,74
119,74
120,74
121,74
122,74
123,74
124,74
125,74
126,74
127,74
128,74
129,74
130,74
131,74
132,74
133,74
134,74
135,74
136,74
137,74
138,74
139,74
140,74
141,74
142,74
143,74
144,74
145,74
146,74
147,74
148,74
149,74
150,74
151,74
152,74
153,74
154,74
155,74
156,74
157,74
158,74
159,74
160,74
161,74
162,74
163,74
164,74
165,74
166,74
167,74
168,74
169,74
193,74
194,74
195,74
213,74
219,74
231,74
235,74
236,74
237,74
111,75
112,75
113,75
114,75
115,75
116,75
117,75
118,75
119,75
120,75
121,75
122,75
123,75
124,75
125,75
126,75
127,75
128,75
129,75
130,75
131,75
132,75
133,75
134,75
135,75
136,75
137,75
138,75
139,75
140,75
141,75
142,75
143,75
144,75
145,75
146,75
147,75
148,75
149,75
150,75
151,75
152,75
153,75
154,75
155,75
156,75
157,75
158,75
159,75
160,75
161,75
162,75
163,75
164,75
165,75
166,75
167,75
168,75
193,75
194,75
196,75
213,75
230,75
237,75
238,75
111,76
112,76
113,76
114,76
115,76
116,76
117,76
118,76
119,76
120,76
121,76
122,76
123,76
124,76
125,76
126,76
127,76
128,76
129,76
130,76
131,76
132,76
133,76
134,76
135,76
136,76
137,76
138,76
139,76
140,76
141,76
142,76
143,76
144,76
145,76
146,76
147,76
148,76
149,76
150,76
151,76
152,76
153,76
154,76
155,76
156,76
157,76
158,76
159,76
160,76
161,76
162,76
163,76
164,76
165,76
166,76
167,76
168,76
196,76
197,76
213,76
214,76
235,76
236,76
237,76
238,76
112,77
113,77
114,77
115,77
116,77
117,77
118,77
119,77
120,77
121,77
122,77
123,77
124,77
125,77
126,77
127,77
128,77
129,77
130,77
131,77
132,77
133,77
134,77
135,77
136,77
137,77
138,77
139,77
140,77
141,77
142,77
143,77
144,77
145,77
146,77
147,77
148,77
149,77
150,77
151,77
152,77
153,77
154,77
155,77
156,77
157,77
158,77
159,77
160,77
161,77
162,77
163,77
164,77
165,77
166,77
167,77
196,77
197,77
214,77
215,77
234,77
236,77
237,77
238,77
114,78
115,78
116,78
117,78
118,78
119,78
120,78
121,78
122,78
123,78
127,78
128,78
129,78
130,78
131,78
132,78
133,78
134,78
135,78
136,78
137,78
138,78
139,78
140,78
141,78
142,78
143,78
144,78
145,78
146,78
147,78
148,78
149,78
150,78
151,78
152,78
153,78
154,78
155,78
156,78
157,78
158,78
159,78
160,78
161,78
162,78
163,78
164,78
165,78
166,78
167,78
196,78
215,78
216,78
229,78
230,78
237,78
115,79
116,79
117,79
120,79
121,79
128,79
129,79
130,79
131,79
132,79
133,79
134,79
135,79
136,79
137,79
138,79
139,79
140,79
141,79
142,79
143,79
144,79
145,79
146,79
147,79
148,79
149,79
150,79
151,79
152,79
153,79
154,79
155,79
156,79
157,79
158,79
159,79
160,79
161,79
162,79
163,79
164,79
165,79
166,79
210,79
211,79
212,79
215,79
216,79
217,79
228,79
229,79
230,79
231,79
131,80
132,80
133,80
134,80
135,80
136,80
137,80
138,80
139,80
140,80
141,80
142,80
143,80
144,80
145,80
146,80
147,80
148,80
149,80
150,80
151,80
152,80
153,80
154,80
155,80
156,80
157,80
158,80
159,80
160,80
161,80
162,80
163,80
164,80
165,80
166,80
211,80
212,80
213,80
215,80
216,80
217,80
227,80
228,80
229,80
230,80
132,81
133,81
134,81
135,81
136,81
137,81
138,81
139,81
140,81
141,81
142,81
143,81
144,81
145,81
146,81
147,81
148,81
149,81
150,81
151,81
152,81
153,81
154,81
155,81
156,81
157,81
158,81
159,81
160,81
161,81
162,81
163,81
164,81
165,81
212,81
213,81
214,81
216,81
217,81
226,81
227,81
228,81
229,81
230,81
132,82
133,82
134,82
135,82
136,82
137,82
138,82
139,82
140,82
141,82
142,82
143,82
144,82
145,82
146,82
147,82
148,82
149,82
150,82
151,82
152,82
153,82
154,82
155,82
156,82
157,82
158,82
159,82
160,82
161,82
162,82
163,82
164,82
213,82
214,82
215,82
216,82
217,82
218,82
225,82
226,82
227,82
228,82
229,82
230,82
240,82
132,83
133,83
134,83
135,83
136,83
137,83
138,83
139,83
140,83
141,83
142,83
143,83
144,83
145,83
146,83
147,83
148,83
149,83
150,83
151,83
152,83
153,83
154,83
155,83
156,83
157,83
158,83
159,83
160,83
161,83
162,83
163,83
212,83
214,83
215,83
216,83
223,83
224,83
225,83
226,83
227,83
228,83
229,83
230,83
231,83
234,83
237,83
240,83
132,84
133,84
134,84
135,84
136,84
137,84
138,84
139,84
140,84
141,84
142,84
143,84
144,84
145,84
146,84
147,84
148,84
149,84
150,84
151,84
152,84
153,84
154,84
155,84
156,84
157,84
158,84
159,84
160,84
161,84
162,84
214,84
215,84
216,84
217,84
223,84
224,84
225,84
226,84
227,84
228,84
229,84
230,84
236,84
131,85
132,85
133,85
134,85
135,85
136,85
137,85
138,85
139,85
140,85
141,85
142,85
143,85
144,85
145,85
146,85
147,85
148,85
149,85
150,85
151,85
154,85
155,85
156,85
157,85
158,85
159,85
160,85
161,85
215,85
216,85
217,85
223,85
224,85
225,85
226,85
227,85
228,85
229,85
230,85
234,85
235,85
243,85
244,85
245,85
131,86
132,86
133,86
134,86
135,86
136,86
137,86
138,86
139,86
140,86
141,86
142,86
143,86
144,86
145,86
146,86
147,86
148,86
149,86
150,86
151,86
154,86
155,86
156,86
157,86
158,86
159,86
160,86
215,86
216,86
217,86
218,86
219,86
224,86
225,86
226,86
227,86
228,86
229,86
232,86
233,86
234,86
237,86
240,86
242,86
244,86
245,86
249,86
132,87
133,87
134,87
135,87
136,87
137,87
138,87
139,87
140,87
141,87
142,87
143,87
144,87
145,87
146,87
147,87
148,87
149,87
150,87
151,87
152,87
153,87
154,87
155,87
156,87
157,87
158,87
159,87
216,87
217,87
218,87
219,87
220,87
224,87
225,87
226,87
227,87
228,87
229,87
232,87
233,87
234,87
244,87
245,87
248,87
249,87
250,87
251,87
252,87
260,87
133,88
134,88
135,88
136,88
137,88
138,88
139,88
140,88
141,88
142,88
143,88
144,88
145,88
146,88
147,88
148,88
149,88
150,88
151,88
152,88
153,88
154,88
155,88
156,88
157,88
158,88
159,88
216,88
217,88
218,88
219,88
228,88
232,88
234,88
238,88
239,88
242,88
245,88
246,88
247,88
248,88
249,88
250,88
251,88
252,88
253,88
254,88
134,89
135,89
136,89
137,89
138,89
139,89
140,89
141,89
142,89
143,89
144,89
145,89
146,89
147,89
148,89
149,89
150,89
151,89
152,89
153,89
154,89
155,89
156,89
157,89
158,89
217,89
218,89
219,89
232,89
234,89
235,89
247,89
248,89
249,89
250,89
251,89
252,89
253,89
254,89
255,89
262,89
134,90
135,90
136,90
137,90
138,90
139,90
140,90
141,90
142,90
143,90
144,90
145,90
146,90
147,90
148,90
149,90
150,90
151,90
152,90
153,90
154,90
155,90
156,90
157,90
158,90
218,90
219,90
232,90
235,90
249,90
250,90
251,90
252,90
253,90
254,90
255,90
256,90
258,90
259,90
260,90
261,90
134,91
135,91
136,91
137,91
138,91
139,91
140,91
141,91
142,91
143,91
144,91
145,91
146,91
147,91
148,91
149,91
150,91
151,91
152,91
153,91
154,91
155,91
156,91
157,91
158,91
220,91
221,91
224,91
250,91
251,91
252,91
253,91
254,91
255,91
256,91
257,91
265,91
135,92
136,92
137,92
138,92
139,92
140,92
141,92
142,92
143,92
144,92
145,92
146,92
147,92
148,92
149,92
150,92
151,92
152,92
153,92
154,92
155,92
156,92
157,92
158,92
220,92
221,92
222,92
223,92
224,92
225,92
243,92
249,92
250,92
251,92
252,92
253,92
254,92
255,92
256,92
257,92
135,93
136,93
137,93
138,93
139,93
140,93
141,93
142,93
143,93
144,93
145,93
146,93
147,93
148,93
149,93
150,93
151,93
152,93
153,93
154,93
155,93
156,93
157,93
158,93
225,93
226,93
227,93
228,93
229,93
230,93
231,93
232,93
233,93
234,93
238,93
249,93
251,93
252,93
253,93
257,93
258,93
135,94
136,94
137,94
138,94
139,94
140,94
141,94
142,94
143,94
144,94
145,94
146,94
147,94
148,94
149,94
150,94
151,94
152,94
153,94
154,94
155,94
156,94
157,94
158,94
232,94
236,94
237,94
253,94
257,94
258,94
260,94
269,94
135,95
136,95
137,95
138,95
139,95
140,95
141,95
142,95
143,95
144,95
145,95
146,95
147,95
148,95
149,95
150,95
151,95
152,95
153,95
155,95
156,95
157,95
158,95
159,95
259,95
270,95
136,96
137,96
138,96
139,96
140,96
141,96
142,96
143,96
144,96
145,96
146,96
147,96
148,96
149,96
150,96
151,96
152,96
153,96
155,96
156,96
157,96
158,96
159,96
242,96
243,96
252,96
135,97
136,97
137,97
138,97
139,97
140,97
141,97
142,97
143,97
144,97
145,97
146,97
147,97
148,97
149,97
150,97
151,97
152,97
153,97
155,97
156,97
157,97
158,97
159,97
242,97
243,97
244,97
245,97
246,97
247,97
252,97
253,97
135,98
136,98
137,98
138,98
139,98
140,98
141,98
142,98
143,98
144,98
145,98
146,98
147,98
148,98
149,98
150,98
151,98
152,98
153,98
155,98
156,98
157,98
158,98
159,98
167,98
168,98
241,98
242,98
243,98
244,98
245,98
246,98
252,98
253,98
134,99
135,99
136,99
137,99
138,99
139,99
140,99
141,99
142,99
143,99
144,99
145,99
146,99
147,99
148,99
149,99
150,99
151,99
152,99
153,99
154,99
155,99
156,99
157,99
158,99
159,99
166,99
167,99
168,99
237,99
238,99
240,99
241,99
242,99
243,99
244,99
245,99
246,99
252,99
253,99
134,100
135,100
136,100
137,100
138,100
139,100
140,100
141,100
142,100
143,100
144,100
145,100
146,100
147,100
148,100
149,100
150,100
151,100
152,100
153,100
154,100
155,100
156,100
157,100
158,100
159,100
166,100
167,100
168,100
236,100
237,100
238,100
239,100
240,100
241,100
242,100
243,100
244,100
245,100
246,100
251,100
252,100
253,100
254,100
274,100
134,101
135,101
136,101
137,101
138,101
139,101
140,101
141,101
142,101
143,101
144,101
145,101
146,101
147,101
148,101
149,101
150,101
151,101
152,101
153,101
154,101
155,101
156,101
157,101
158,101
159,101
163,101
164,101
165,101
166,101
167,101
236,101
237,101
238,101
239,101
240,101
241,101
242,101
243,101
244,101
245,101
246,101
247,101
251,101
252,101
253,101
254,101
134,102
135,102
136,102
137,102
138,102
139,102
140,102
141,102
142,102
143,102
144,102
145,102
146,102
147,102
148,102
149,102
150,102
151,102
152,102
153,102
154,102
155,102
156,102
157,102
158,102
163,102
164,102
165,102
166,102
167,102
234,102
235,102
236,102
237,102
238,102
239,102
240,102
241,102
242,102
243,102
244,102
245,102
246,102
247,102
248,102
251,102
252,102
253,102
254,102
134,103
135,103
136,103
137,103
138,103
139,103
140,103
141,103
142,103
143,103
144,103
145,103
146,103
147,103
148,103
149,103
150,103
151,103
152,103
153,103
154,103
155,103
156,103
163,103
164,103
165,103
166,103
167,103
233,103
234,103
235,103
236,103
237,103
238,103
239,103
240,103
241,103
242,103
243,103
244,103
245,103
246,103
247,103
248,103
249,103
250,103
251,103
252,103
253,103
254,103
283,103
284,103
134,104
135,104
136,104
137,104
138,104
139,104
140,104
141,104
142,104
143,104
144,104
145,104
146,104
147,104
148,104
149,104
150,104
151,104
152,104
153,104
154,104
155,104
163,104
164,104
165,104
166,104
167,104
233,104
234,104
235,104
236,104
237,104
238,104
239,104
240,104
241,104
242,104
243,104
244,104
245,104
246,104
247,104
248,104
249,104
250,104
251,104
252,104
253,104
254,104
135,105
136,105
137,105
138,105
139,105
140,105
141,105
142,105
143,105
144,105
145,105
146,105
147,105
148,105
149,105
150,105
151,105
152,105
153,105
154,105
163,105
164,105
165,105
166,105
230,105
231,105
232,105
233,105
234,105
235,105
236,105
237,105
238,105
239,105
240,105
241,105
242,105
243,105
244,105
245,105
246,105
247,105
248,105
249,105
250,105
251,105
252,105
253,105
254,105
255,105
256,105
135,106
136,106
137,106
138,106
139,106
140,106
141,106
142,106
143,106
144,106
145,106
146,106
147,106
148,106
149,106
150,106
151,106
152,106
153,106
154,106
163,106
164,106
165,106
166,106
227,106
228,106
229,106
230,106
231,106
232,106
233,106
234,106
235,106
236,106
237,106
238,106
239,106
240,106
241,106
242,106
243,106
244,106
245,106
246,106
247,106
248,106
249,106
250,106
251,106
252,106
253,106
254,106
255,106
256,106
271,106
273,106
136,107
137,107
138,107
139,107
140,107
141,107
142,107
143,107
144,107
145,107
146,107
147,107
148,107
149,107
150,107
151,107
152,107
153,107
154,107
162,107
163,107
164,107
165,107
166,107
225,107
226,107
227,107
228,107
229,107
230,107
231,107
232,107
233,107
234,107
235,107
236,107
237,107
238,107
239,107
240,107
241,107
242,107
243,107
244,107
245,107
246,107
247,107
248,107
249,107
250,107
251,107
252,107
253,107
254,107
255,107
256,107
272,107
136,108
137,108
138,108
139,108
140,108
141,108
142,108
143,108
144,108
145,108
146,108
147,108
148,108
149,108
150,108
151,108
152,108
153,108
154,108
162,108
163,108
164,108
165,108
225,108
226,108
227,108
228,108
229,108
230,108
231,108
232,108
233,108
234,108
235,108
236,108
237,108
238,108
239,108
240,108
241,108
242,108
243,108
244,108
245,108
246,108
247,108
248,108
249,108
250,108
251,108
252,108
253,108
254,108
255,108
256,108
257,108
136,109
137,109
138,109
139,109
140,109
141,109
142,109
143,109
144,109
145,109
146,109
147,109
148,109
149,109
150,109
151,109
152,109
153,109
154,109
162,109
163,109
164,109
165,109
225,109
226,109
227,109
228,109
229,109
230,109
231,109
232,109
233,109
234,109
235,109
236,109
237,109
238,109
239,109
240,109
241,109
242,109
243,109
244,109
245,109
246,109
247,109
248,109
249,109
250,109
251,109
252,109
253,109
254,109
255,109
256,109
257,109
258,109
136,110
137,110
138,110
139,110
140,110
141,110
142,110
143,110
144,110
145,110
146,110
147,110
148,110
149,110
150,110
151,110
152,110
153,110
154,110
162,110
163,110
164,110
165,110
225,110
226,110
227,110
228,110
229,110
230,110
231,110
232,110
233,110
234,110
235,110
236,110
237,110
238,110
239,110
240,110
241,110
242,110
243,110
244,110
245,110
246,110
247,110
248,110
249,110
250,110
251,110
252,110
253,110
254,110
255,110
256,110
257,110
258,110
137,111
138,111
139,111
140,111
141,111
142,111
143,111
144,111
145,111
146,111
147,111
148,111
149,111
150,111
151,111
152,111
225,111
226,111
227,111
228,111
229,111
230,111
231,111
232,111
233,111
234,111
235,111
236,111
237,111
238,111
239,111
240,111
241,111
242,111
243,111
244,111
245,111
246,111
247,111
248,111
249,111
250,111
251,111
252,111
253,111
254,111
255,111
256,111
257,111
258,111
259,111
137,112
138,112
139,112
140,112
141,112
142,112
143,112
144,112
145,112
146,112
147,112
148,112
149,112
150,112
151,112
152,112
224,112
225,112
226,112
227,112
228,112
229,112
230,112
231,112
232,112
233,112
234,112
235,112
236,112
237,112
238,112
239,112
240,112
241,112
242,112
243,112
244,112
245,112
246,112
247,112
248,112
249,112
250,112
251,112
252,112
253,112
254,112
255,112
256,112
257,112
258,112
137,113
138,113
139,113
140,113
141,113
142,113
143,113
144,113
145,113
146,113
147,113
148,113
149,113
150,113
151,113
224,113
225,113
226,113
227,113
228,113
229,113
230,113
231,113
232,113
233,113
234,113
235,113
236,113
237,113
238,113
239,113
240,113
241,113
242,113
243,113
244,113
245,113
246,113
247,113
248,113
249,113
250,113
251,113
252,113
253,113
254,113
255,113
256,113
257,113
258,113
138,114
139,114
140,114
141,114
142,114
143,114
144,114
145,114
146,114
147,114
148,114
149,114
150,114
151,114
224,114
225,114
226,114
227,114
228,114
229,114
230,114
231,114
232,114
233,114
234,114
235,114
236,114
237,114
238,114
239,114
240,114
241,114
242,114
243,114
244,114
245,114
246,114
247,114
248,114
249,114
250,114
251,114
252,114
253,114
254,114
255,114
256,114
257,114
258,114
138,115
139,115
140,115
141,115
142,115
143,115
144,115
145,115
146,115
147,115
148,115
149,115
150,115
225,115
226,115
227,115
228,115
229,115
230,115
231,115
232,115
233,115
234,115
235,115
236,115
237,115
238,115
239,115
240,115
241,115
242,115
243,115
244,115
245,115
246,115
247,115
248,115
249,115
250,115
251,115
252,115
253,115
254,115
255,115
256,115
257,115
258,115
139,116
140,116
141,116
142,116
143,116
144,116
145,116
146,116
147,116
148,116
149,116
150,116
224,116
225,116
226,116
227,116
228,116
229,116
230,116
231,116
232,116
233,116
234,116
235,116
236,116
237,116
238,116
239,116
240,116
241,116
242,116
243,116
244,116
245,116
246,116
247,116
248,116
249,116
250,116
251,116
252,116
253,116
254,116
255,116
256,116
257,116
139,117
140,117
141,117
142,117
143,117
144,117
145,117
146,117
147,117
148,117
149,117
225,117
226,117
227,117
228,117
229,117
230,117
231,117
232,117
233,117
234,117
235,117
236,117
237,117
238,117
239,117
240,117
241,117
242,117
243,117
244,117
245,117
246,117
247,117
248,117
249,117
250,117
251,117
252,117
253,117
254,117
255,117
256,117
257,117
139,118
140,118
141,118
142,118
143,118
144,118
145,118
146,118
147,118
148,118
224,118
225,118
226,118
227,118
228,118
229,118
230,118
231,118
232,118
240,118
241,118
242,118
243,118
244,118
245,118
246,118
247,118
248,118
249,118
250,118
251,118
252,118
253,118
254,118
255,118
256,118
139,119
140,119
141,119
142,119
143,119
144,119
145,119
146,119
147,119
224,119
225,119
226,119
227,119
228,119
229,119
230,119
231,119
241,119
242,119
243,119
244,119
245,119
246,119
247,119
248,119
249,119
250,119
251,119
252,119
253,119
254,119
140,120
141,120
142,120
223,120
224,120
225,120
226,120
241,120
242,120
243,120
244,120
245,120
246,120
247,120
248,120
249,120
250,120
251,120
252,120
253,120
243,121
244,121
245,121
246,121
247,121
248,121
249,121
250,121
251,121
252,121
253,121
273,121
244,122
245,122
246,122
247,122
248,122
249,122
250,122
251,122
252,122
273,122
243,123
244,123
245,123
246,123
247,123
248,123
249,123
250,123
251,123
273,123
244,124
245,124
246,124
247,124
248,124
272,124
273,124
274,124
275,124
271,125
272,125
273,125
274,125
271,126
272,126
245,127
246,127
247,127
248,127
268,127
269,127
270,127
271,127
245,128
246,128
247,128
267,128
268,128
245,129
246,129
265,129
266,129
267,129
262,130
263,130
264,130
265,130
261,131
262,131
263,131
264,131
260,132
261,132
262,132
260,133
179,135
180,135
77,138
166,151
82,152
83,152
163,152
164,152
165,152
166,152
167,152
81,153
160,153
161,153
162,153
163,153
164,153
165,153
166,153
167,153
168,153
169,153
170,153
171,153
172,153
173,153
174,153
175,153
182,153
183,153
184,153
185,153
186,153
187,153
188,153
189,153
190,153
191,153
192,153
193,153
194,153
195,153
196,153
197,153
198,153
199,153
200,153
201,153
80,154
81,154
156,154
157,154
158,154
159,154
160,154
161,154
162,154
163,154
164,154
165,154
166,154
167,154
168,154
169,154
170,154
171,154
172,154
173,154
174,154
180,154
181,154
182,154
183,154
184,154
185,154
186,154
187,154
188,154
189,154
190,154
191,154
192,154
193,154
194,154
195,154
196,154
197,154
198,154
199,154
200,154
201,154
202,154
203,154
206,154
207,154
208,154
209,154
210,154
211,154
212,154
214,154
215,154
216,154
217,154
218,154
219,154
220,154
221,154
222,154
79,155
80,155
150,155
151,155
153,155
155,155
156,155
157,155
158,155
159,155
160,155
161,155
162,155
163,155
164,155
165,155
166,155
167,155
168,155
169,155
170,155
171,155
172,155
173,155
177,155
178,155
179,155
180,155
181,155
182,155
183,155
184,155
185,155
186,155
187,155
188,155
189,155
190,155
191,155
192,155
193,155
194,155
195,155
196,155
197,155
198,155
199,155
200,155
201,155
202,155
203,155
204,155
205,155
206,155
207,155
208,155
209,155
210,155
211,155
212,155
213,155
214,155
215,155
216,155
217,155
218,155
219,155
220,155
221,155
222,155
223,155
80,156
81,156
82,156
148,156
149,156
150,156
151,156
152,156
153,156
154,156
155,156
156,156
157,156
158,156
159,156
160,156
161,156
162,156
163,156
164,156
165,156
166,156
167,156
168,156
169,156
170,156
171,156
172,156
173,156
175,156
176,156
177,156
178,156
179,156
180,156
181,156
182,156
183,156
184,156
185,156
186,156
187,156
188,156
189,156
190,156
191,156
192,156
193,156
194,156
195,156
196,156
197,156
198,156
199,156
200,156
201,156
202,156
203,156
204,156
205,156
206,156
207,156
208,156
209,156
210,156
211,156
212,156
213,156
214,156
215,156
216,156
217,156
218,156
219,156
220,156
221,156
222,156
223,156
224,156
225,156
226,156
227,156
228,156
78,157
79,157
80,157
81,157
82,157
83,157
123,157
126,157
131,157
132,157
133,157
134,157
135,157
138,157
139,157
140,157
141,157
142,157
143,157
144,157
145,157
146,157
147,157
148,157
149,157
150,157
151,157
152,157
153,157
154,157
155,157
156,157
157,157
158,157
159,157
160,157
161,157
162,157
163,157
164,157
165,157
166,157
167,157
168,157
169,157
170,157
171,157
172,157
174,157
175,157
176,157
177,157
178,157
179,157
180,157
181,157
182,157
183,157
184,157
185,157
186,157
187,157
188,157
189,157
190,157
191,157
192,157
193,157
194,157
195,157
196,157
197,157
198,157
199,157
200,157
201,157
202,157
203,157
204,157
205,157
206,157
207,157
208,157
209,157
210,157
211,157
212,157
213,157
214,157
215,157
216,157
217,157
218,157
219,157
220,157
221,157
222,157
223,157
224,157
225,157
226,157
227,157
228,157
229,157
230,157
78,158
79,158
80,158
81,158
82,158
83,158
84,158
85,158
121,158
122,158
123,158
124,158
125,158
126,158
127,158
128,158
129,158
130,158
131,158
132,158
133,158
134,158
135,158
136,158
137,158
138,158
139,158
140,158
141,158
142,158
143,158
144,158
145,158
146,158
147,158
148,158
149,158
150,158
151,158
152,158
153,158
154,158
155,158
156,158
157,158
158,158
159,158
160,158
161,158
162,158
163,158
164,158
165,158
166,158
167,158
168,158
169,158
170,158
171,158
172,158
173,158
174,158
175,158
176,158
177,158
178,158
179,158
180,158
181,158
182,158
183,158
184,158
185,158
186,158
187,158
188,158
189,158
190,158
191,158
192,158
193,158
194,158
195,158
196,158
197,158
198,158
199,158
200,158
201,158
202,158
203,158
204,158
205,158
206,158
207,158
208,158
209,158
210,158
211,158
212,158
213,158
214,158
215,158
216,158
217,158
218,158
219,158
220,158
221,158
222,158
223,158
224,158
225,158
226,158
227,158
228,158
229,158
230,158
231,158
232,158
59,159
61,159
70,159
79,159
80,159
82,159
83,159
84,159
85,159
86,159
118,159
119,159
120,159
121,159
122,159
123,159
124,159
125,159
126,159
127,159
128,159
129,159
130,159
131,159
132,159
133,159
134,159
135,159
136,159
137,159
138,159
139,159
140,159
141,159
142,159
143,159
144,159
145,159
146,159
147,159
148,159
149,159
150,159
151,159
152,159
153,159
154,159
155,159
156,159
157,159
158,159
159,159
160,159
161,159
162,159
163,159
164,159
165,159
166,159
167,159
168,159
169,159
170,159
171,159
172,159
173,159
174,159
175,159
176,159
177,159
178,159
179,159
180,159
181,159
182,159
183,159
184,159
185,159
186,159
187,159
188,159
189,159
190,159
191,159
192,159
193,159
194,159
195,159
196,159
197,159
198,159
199,159
200,159
201,159
202,159
203,159
204,159
205,159
206,159
207,159
208,159
209,159
210,159
211,159
212,159
213,159
214,159
215,159
216,159
217,159
218,159
219,159
220,159
221,159
222,159
223,159
224,159
225,159
226,159
227,159
228,159
229,159
230,159
231,159
62,160
63,160
64,160
65,160
66,160
67,160
68,160
69,160
70,160
71,160
72,160
73,160
74,160
75,160
76,160
77,160
78,160
79,160
80,160
81,160
82,160
83,160
84,160
85,160
86,160
118,160
119,160
120,160
121,160
122,160
123,160
124,160
125,160
126,160
127,160
128,160
129,160
130,160
131,160
132,160
133,160
134,160
135,160
136,160
137,160
138,160
139,160
140,160
141,160
142,160
143,160
144,160
145,160
146,160
147,160
148,160
149,160
150,160
151,160
152,160
153,160
154,160
155,160
156,160
157,160
158,160
159,160
160,160
161,160
162,160
163,160
164,160
165,160
166,160
167,160
168,160
169,160
170,160
171,160
172,160
173,160
174,160
175,160
176,160
177,160
178,160
179,160
180,160
181,160
182,160
183,160
184,160
185,160
186,160
187,160
188,160
189,160
190,160
191,160
192,160
193,160
194,160
195,160
196,160
197,160
198,160
199,160
200,160
201,160
202,160
203,160
204,160
205,160
206,160
207,160
208,160
209,160
210,160
211,160
212,160
213,160
214,160
215,160
216,160
217,160
218,160
219,160
220,160
221,160
222,160
223,160
224,160
225,160
226,160
227,160
42,161
43,161
44,161
45,161
47,161
48,161
49,161
50,161
52,161
53,161
54,161
55,161
56,161
62,161
63,161
64,161
65,161
66,161
67,161
68,161
69,161
70,161
71,161
72,161
73,161
74,161
75,161
76,161
77,161
78,161
79,161
80,161
81,161
82,161
83,161
84,161
85,161
86,161
117,161
118,161
119,161
120,161
121,161
122,161
123,161
124,161
125,161
126,161
127,161
128,161
129,161
130,161
131,161
132,161
133,161
134,161
135,161
136,161
137,161
138,161
139,161
140,161
141,161
142,161
143,161
144,161
145,161
146,161
147,161
148,161
149,161
150,161
151,161
152,161
153,161
154,161
155,161
156,161
157,161
158,161
159,161
160,161
161,161
162,161
163,161
164,161
165,161
166,161
167,161
168,161
169,161
170,161
171,161
172,161
173,161
174,161
175,161
176,161
177,161
178,161
179,161
180,161
181,161
182,161
183,161
184,161
185,161
186,161
187,161
188,161
189,161
190,161
191,161
192,161
193,161
194,161
195,161
196,161
197,161
198,161
199,161
200,161
201,161
202,161
203,161
204,161
205,161
206,161
207,161
208,161
209,161
210,161
211,161
212,161
213,161
214,161
215,161
216,161
217,161
218,161
219,161
220,161
221,161
222,161
223,161
224,161
38,162
39,162
40,162
41,162
42,162
43,162
44,162
45,162
46,162
47,162
48,162
49,162
50,162
51,162
52,162
53,162
54,162
55,162
56,162
57,162
58,162
59,162
60,162
61,162
62,162
63,162
64,162
65,162
66,162
67,162
68,162
69,162
70,162
71,162
72,162
73,162
74,162
75,162
76,162
77,162
78,162
79,162
80,162
81,162
82,162
83,162
84,162
112,162
113,162
114,162
115,162
116,162
117,162
118,162
119,162
120,162
121,162
122,162
123,162
124,162
125,162
126,162
127,162
128,162
129,162
130,162
131,162
132,162
133,162
134,162
135,162
136,162
137,162
138,162
139,162
140,162
141,162
142,162
143,162
144,162
145,162
146,162
147,162
148,162
149,162
150,162
151,162
152,162
153,162
154,162
155,162
156,162
157,162
158,162
159,162
160,162
161,162
162,162
163,162
164,162
165,162
166,162
167,162
168,162
169,162
170,162
171,162
172,162
173,162
174,162
175,162
176,162
177,162
178,162
179,162
180,162
181,162
182,162
183,162
184,162
185,162
186,162
187,162
188,162
189,162
190,162
191,162
192,162
193,162
194,162
195,162
196,162
197,162
198,162
199,162
200,162
201,162
202,162
203,162
204,162
205,162
206,162
207,162
208,162
209,162
210,162
211,162
212,162
213,162
214,162
215,162
216,162
217,162
218,162
219,162
220,162
221,162
222,162
223,162
37,163
39,163
40,163
41,163
42,163
43,163
44,163
45,163
46,163
47,163
48,163
49,163
50,163
51,163
52,163
53,163
54,163
55,163
56,163
57,163
58,163
59,163
60,163
61,163
62,163
63,163
64,163
65,163
66,163
67,163
68,163
69,163
70,163
71,163
72,163
73,163
74,163
75,163
76,163
77,163
78,163
79,163
80,163
99,163
100,163
107,163
108,163
109,163
110,163
111,163
112,163
113,163
114,163
115,163
116,163
117,163
118,163
119,163
120,163
121,163
122,163
123,163
124,163
125,163
126,163
127,163
128,163
129,163
130,163
131,163
132,163
133,163
134,163
135,163
136,163
137,163
138,163
139,163
140,163
141,163
142,163
143,163
144,163
145,163
146,163
147,163
148,163
149,163
150,163
151,163
152,163
153,163
154,163
155,163
156,163
157,163
158,163
159,163
160,163
161,163
162,163
163,163
164,163
165,163
166,163
167,163
168,163
169,163
170,163
171,163
172,163
173,163
174,163
175,163
176,163
177,163
178,163
179,163
180,163
181,163
182,163
183,163
184,163
185,163
186,163
187,163
188,163
189,163
190,163
191,163
192,163
193,163
194,163
195,163
196,163
197,163
198,163
199,163
200,163
201,163
202,163
203,163
204,163
205,163
206,163
207,163
208,163
209,163
210,163
211,163
212,163
213,163
214,163
215,163
216,163
217,163
218,163
219,163
220,163
221,163
35,164
36,164
38,164
39,164
40,164
41,164
42,164
43,164
44,164
45,164
46,164
47,164
48,164
49,164
50,164
51,164
52,164
53,164
54,164
55,164
56,164
57,164
58,164
59,164
60,164
61,164
62,164
63,164
64,164
65,164
66,164
67,164
68,164
69,164
70,164
71,164
72,164
73,164
74,164
75,164
76,164
77,164
78,164
79,164
80,164
98,164
99,164
100,164
101,164
107,164
108,164
109,164
110,164
111,164
112,164
113,164
114,164
115,164
116,164
117,164
118,164
119,164
120,164
121,164
122,164
123,164
124,164
125,164
126,164
127,164
128,164
129,164
130,164
131,164
132,164
133,164
134,164
135,164
136,164
137,164
138,164
139,164
140,164
141,164
142,164
143,164
144,164
145,164
146,164
147,164
148,164
149,164
150,164
151,164
152,164
153,164
154,164
155,164
156,164
157,164
158,164
159,164
160,164
161,164
162,164
163,164
164,164
165,164
166,164
167,164
168,164
169,164
170,164
171,164
172,164
173,164
174,164
175,164
176,164
177,164
178,164
179,164
180,164
181,164
182,164
183,164
184,164
185,164
186,164
187,164
188,164
189,164
190,164
191,164
192,164
193,164
194,164
195,164
196,164
197,164
198,164
199,164
200,164
201,164
202,164
203,164
204,164
205,164
206,164
207,164
208,164
209,164
210,164
211,164
212,164
213,164
214,164
215,164
216,164
217,164
218,164
219,164
220,164
221,164
36,165
38,165
39,165
40,165
41,165
42,165
43,165
44,165
45,165
46,165
47,165
48,165
49,165
50,165
51,165
52,165
53,165
54,165
55,165
56,165
57,165
58,165
59,165
60,165
61,165
62,165
63,165
64,165
65,165
66,165
67,165
68,165
69,165
70,165
71,165
72,165
73,165
74,165
75,165
76,165
77,165
78,165
79,165
80,165
81,165
98,165
99,165
100,165
101,165
102,165
110,165
111,165
112,165
113,165
114,165
115,165
116,165
117,165
118,165
119,165
120,165
121,165
122,165
123,165
124,165
125,165
126,165
127,165
128,165
129,165
130,165
131,165
132,165
133,165
134,165
135,165
136,165
137,165
138,165
139,165
140,165
141,165
142,165
143,165
144,165
145,165
146,165
147,165
148,165
149,165
150,165
151,165
152,165
153,165
154,165
155,165
156,165
157,165
158,165
159,165
160,165
161,165
162,165
163,165
164,165
165,165
166,165
167,165
168,165
169,165
170,165
171,165
172,165
173,165
174,165
175,165
176,165
177,165
178,165
179,165
180,165
181,165
182,165
183,165
184,165
185,165
186,165
187,165
188,165
189,165
190,165
191,165
192,165
193,165
194,165
195,165
196,165
197,165
198,165
199,165
200,165
201,165
202,165
203,165
204,165
205,165
206,165
207,165
208,165
209,165
210,165
211,165
212,165
213,165
214,165
215,165
216,165
217,165
34,166
35,166
36,166
41,166
42,166
43,166
44,166
45,166
46,166
47,166
48,166
49,166
50,166
51,166
52,166
53,166
54,166
55,166
56,166
57,166
58,166
59,166
60,166
61,166
62,166
63,166
64,166
65,166
66,166
67,166
68,166
69,166
70,166
71,166
72,166
73,166
74,166
75,166
76,166
77,166
78,166
79,166
80,166
81,166
82,166
83,166
84,166
91,166
92,166
93,166
97,166
98,166
111,166
112,166
113,166
114,166
115,166
116,166
117,166
118,166
119,166
120,166
121,166
122,166
123,166
124,166
125,166
126,166
127,166
128,166
129,166
130,166
131,166
132,166
133,166
134,166
135,166
136,166
137,166
138,166
139,166
140,166
141,166
142,166
143,166
144,166
145,166
146,166
147,166
148,166
149,166
150,166
151,166
152,166
153,166
154,166
155,166
156,166
157,166
158,166
159,166
160,166
161,166
162,166
163,166
164,166
165,166
166,166
167,166
168,166
169,166
170,166
171,166
172,166
173,166
174,166
175,166
176,166
177,166
178,166
179,166
180,166
181,166
182,166
183,166
184,166
185,166
186,166
187,166
188,166
189,166
190,166
191,166
192,166
193,166
194,166
195,166
196,166
197,166
198,166
199,166
200,166
201,166
202,166
203,166
204,166
205,166
206,166
207,166
208,166
209,166
210,166
211,166
212,166
213,166
214,166
215,166
44,167
45,167
46,167
47,167
48,167
49,167
50,167
51,167
52,167
53,167
54,167
55,167
56,167
57,167
58,167
59,167
60,167
61,167
62,167
63,167
64,167
65,167
66,167
67,167
68,167
69,167
70,167
71,167
72,167
73,167
74,167
75,167
76,167
77,167
78,167
79,167
80,167
81,167
82,167
83,167
84,167
85,167
86,167
87,167
88,167
89,167
90,167
91,167
104,167
105,167
106,167
107,167
108,167
109,167
110,167
111,167
112,167
113,167
114,167
115,167
116,167
117,167
118,167
119,167
120,167
121,167
122,167
123,167
124,167
125,167
126,167
127,167
128,167
129,167
130,167
131,167
132,167
133,167
134,167
135,167
136,167
137,167
138,167
139,167
140,167
141,167
142,167
143,167
144,167
145,167
146,167
147,167
148,167
149,167
150,167
151,167
152,167
153,167
154,167
155,167
156,167
157,167
158,167
159,167
160,167
161,167
162,167
163,167
164,167
165,167
166,167
167,167
168,167
169,167
170,167
171,167
172,167
173,167
174,167
175,167
176,167
177,167
178,167
179,167
180,167
181,167
182,167
183,167
184,167
185,167
186,167
187,167
188,167
189,167
190,167
191,167
192,167
193,167
194,167
195,167
196,167
197,167
198,167
199,167
200,167
201,167
202,167
203,167
204,167
205,167
206,167
207,167
208,167
209,167
210,167
211,167
212,167
213,167
214,167
215,167
42,168
43,168
44,168
45,168
46,168
47,168
48,168
49,168
50,168
51,168
52,168
53,168
54,168
55,168
56,168
57,168
58,168
59,168
60,168
61,168
62,168
63,168
64,168
65,168
66,168
67,168
68,168
69,168
70,168
71,168
72,168
73,168
74,168
75,168
76,168
77,168
78,168
79,168
80,168
81,168
82,168
83,168
84,168
85,168
86,168
87,168
88,168
89,168
90,168
91,168
92,168
93,168
94,168
95,168
96,168
97,168
98,168
99,168
100,168
101,168
102,168
103,168
104,168
105,168
106,168
107,168
108,168
109,168
110,168
111,168
112,168
113,168
114,168
115,168
116,168
117,168
118,168
119,168
120,168
121,168
122,168
123,168
124,168
125,168
126,168
127,168
128,168
129,168
130,168
131,168
132,168
133,168
134,168
135,168
136,168
137,168
138,168
139,168
140,168
141,168
142,168
143,168
144,168
145,168
146,168
147,168
148,168
149,168
150,168
151,168
152,168
153,168
154,168
155,168
156,168
157,168
158,168
159,168
160,168
161,168
162,168
163,168
164,168
165,168
166,168
167,168
168,168
169,168
170,168
171,168
172,168
173,168
174,168
175,168
176,168
177,168
178,168
179,168
180,168
181,168
182,168
183,168
184,168
185,168
186,168
187,168
188,168
189,168
190,168
191,168
192,168
193,168
194,168
195,168
196,168
197,168
198,168
199,168
200,168
201,168
202,168
203,168
204,168
205,168
206,168
207,168
208,168
209,168
210,168
211,168
212,168
213,168
214,168
215,168
216,168
45,169
46,169
47,169
48,169
49,169
50,169
51,169
52,169
53,169
54,169
55,169
56,169
57,169
58,169
59,169
60,169
61,169
62,169
63,169
64,169
65,169
66,169
67,169
68,169
69,169
70,169
71,169
72,169
73,169
74,169
75,169
76,169
77,169
78,169
79,169
80,169
81,169
82,169
83,169
84,169
85,169
86,169
87,169
88,169
89,169
90,169
91,169
92,169
93,169
94,169
95,169
96,169
97,169
98,169
99,169
100,169
101,169
102,169
103,169
104,169
105,169
106,169
107,169
108,169
109,169
110,169
111,169
112,169
113,169
114,169
115,169
116,169
117,169
118,169
119,169
120,169
121,169
122,169
123,169
124,169
125,169
126,169
127,169
128,169
129,169
130,169
131,169
132,169
133,169
134,169
135,169
136,169
137,169
138,169
139,169
140,169
141,169
142,169
143,169
144,169
145,169
146,169
147,169
148,169
149,169
150,169
151,169
152,169
153,169
154,169
155,169
156,169
157,169
158,169
159,169
160,169
161,169
162,169
163,169
164,169
165,169
166,169
167,169
168,169
169,169
170,169
171,169
172,169
173,169
174,169
175,169
176,169
177,169
178,169
179,169
180,169
181,169
182,169
183,169
184,169
185,169
186,169
187,169
188,169
189,169
190,169
191,169
192,169
193,169
194,169
195,169
196,169
197,169
198,169
199,169
200,169
201,169
202,169
203,169
204,169
205,169
206,169
207,169
208,169
209,169
210,169
211,169
212,169
213,169
214,169
215,169
216,169
217,169
219,169
50,170
51,170
52,170
53,170
54,170
55,170
56,170
57,170
58,170
59,170
60,170
61,170
62,170
63,170
64,170
65,170
66,170
67,170
68,170
69,170
70,170
71,170
72,170
73,170
74,170
75,170
76,170
77,170
78,170
79,170
80,170
81,170
82,170
83,170
84,170
85,170
86,170
87,170
88,170
89,170
90,170
91,170
92,170
93,170
94,170
95,170
96,170
97,170
98,170
99,170
100,170
101,170
102,170
103,170
104,170
105,170
106,170
107,170
108,170
109,170
110,170
111,170
112,170
113,170
114,170
115,170
116,170
117,170
118,170
119,170
120,170
121,170
122,170
123,170
124,170
125,170
126,170
127,170
128,170
129,170
130,170
131,170
132,170
133,170
134,170
135,170
136,170
137,170
138,170
139,170
140,170
141,170
142,170
143,170
144,170
145,170
146,170
147,170
148,170
149,170
150,170
151,170
152,170
153,170
154,170
155,170
156,170
157,170
158,170
159,170
160,170
161,170
162,170
163,170
164,170
165,170
166,170
167,170
168,170
169,170
170,170
171,170
172,170
173,170
174,170
175,170
176,170
177,170
178,170
179,170
180,170
181,170
182,170
183,170
184,170
185,170
186,170
187,170
188,170
189,170
190,170
191,170
192,170
193,170
194,170
195,170
196,170
197,170
198,170
199,170
200,170
201,170
202,170
203,170
204,170
205,170
206,170
207,170
208,170
209,170
210,170
211,170
212,170
213,170
214,170
215,170
216,170
217,170
218,170
219,170
220,170
221,170
222,170
223,170
224,170
39,171
40,171
41,171
42,171
43,171
44,171
45,171
46,171
47,171
48,171
49,171
50,171
51,171
52,171
53,171
54,171
55,171
56,171
57,171
58,171
59,171
60,171
61,171
62,171
63,171
64,171
65,171
66,171
67,171
68,171
69,171
70,171
71,171
72,171
73,171
74,171
75,171
76,171
77,171
78,171
79,171
80,171
81,171
82,171
83,171
84,171
85,171
86,171
87,171
88,171
89,171
90,171
91,171
92,171
93,171
94,171
95,171
96,171
97,171
98,171
99,171
100,171
101,171
102,171
103,171
104,171
105,171
106,171
107,171
108,171
109,171
110,171
111,171
112,171
113,171
114,171
115,171
116,171
117,171
118,171
119,171
120,171
121,171
122,171
123,171
124,171
125,171
126,171
127,171
128,171
129,171
130,171
131,171
132,171
133,171
134,171
135,171
136,171
137,171
138,171
139,171
140,171
141,171
142,171
143,171
144,171
145,171
146,171
147,171
148,171
149,171
150,171
151,171
152,171
153,171
154,171
155,171
156,171
157,171
158,171
159,171
160,171
161,171
162,171
163,171
164,171
165,171
166,171
167,171
168,171
169,171
170,171
171,171
172,171
173,171
174,171
175,171
176,171
177,171
178,171
179,171
180,171
181,171
182,171
183,171
184,171
185,171
186,171
187,171
188,171
189,171
190,171
191,171
192,171
193,171
194,171
195,171
196,171
197,171
198,171
199,171
200,171
201,171
202,171
203,171
204,171
205,171
206,171
207,171
208,171
209,171
210,171
211,171
212,171
213,171
214,171
215,171
216,171
217,171
218,171
219,171
220,171
221,171
222,171
41,172
42,172
43,172
44,172
45,172
46,172
47,172
48,172
49,172
50,172
51,172
52,172
53,172
54,172
55,172
56,172
57,172
58,172
59,172
60,172
61,172
62,172
63,172
64,172
65,172
66,172
67,172
68,172
69,172
70,172
71,172
72,172
73,172
74,172
75,172
76,172
77,172
78,172
79,172
80,172
81,172
82,172
83,172
84,172
85,172
86,172
87,172
88,172
89,172
90,172
91,172
92,172
93,172
94,172
95,172
96,172
97,172
98,172
99,172
100,172
101,172
102,172
103,172
104,172
105,172
106,172
107,172
108,172
109,172
110,172
111,172
112,172
113,172
114,172
115,172
116,172
117,172
118,172
119,172
120,172
121,172
122,172
123,172
124,172
125,172
126,172
127,172
128,172
129,172
130,172
131,172
132,172
133,172
134,172
135,172
136,172
137,172
138,172
139,172
140,172
141,172
142,172
143,172
144,172
145,172
146,172
147,172
148,172
149,172
150,172
151,172
152,172
153,172
154,172
155,172
156,172
157,172
158,172
159,172
160,172
161,172
162,172
163,172
164,172
165,172
166,172
167,172
168,172
169,172
170,172
171,172
172,172
173,172
174,172
175,172
176,172
177,172
178,172
179,172
180,172
181,172
182,172
183,172
184,172
185,172
186,172
187,172
188,172
189,172
190,172
191,172
192,172
193,172
194,172
195,172
196,172
197,172
198,172
199,172
200,172
201,172
202,172
203,172
204,172
205,172
206,172
207,172
208,172
209,172
210,172
211,172
212,172
213,172
214,172
215,172
216,172
217,172
218,172
219,172
220,172